Date,r0101WML,r0712WML,INDEPEND_r0101Los_r0712WML,INDEPEND_r0101Mid_r0712WML,INDEPEND_r0101Win_r0712WML,INDEPEND_r0712Los_r0101WML,INDEPEND_r0712Mid_r0101WML,INDEPEND_r0712Win_r0101WML,DEPr0101_r0101Los_r0712WML,DEPr0101_r0101Mid_r0712WML,DEPr0101_r0101Win_r0712WML,DEPr0101_r0712Los_r0101WML,DEPr0101_r0712Mid_r0101WML,DEPr0101_r0712Win_r0101WML,DEPr0712_r0101Los_r0712WML,DEPr0712_r0101Mid_r0712WML,DEPr0712_r0101Win_r0712WML,DEPr0712_r0712Los_r0101WML,DEPr0712_r0712Mid_r0101WML,DEPr0712_r0712Win_r0101WML
1926-01-31,,,,,,,,,,,,,,,,,,,,
1926-02-28,,,,,,,,,,,,,,,,,,,,
1926-03-31,,,,,,,,,,,,,,,,,,,,
1926-04-30,,,,,,,,,,,,,,,,,,,,
1926-05-31,,,,,,,,,,,,,,,,,,,,
1926-06-30,,,,,,,,,,,,,,,,,,,,
1926-07-31,,,,,,,,,,,,,,,,,,,,
1926-08-31,1.6677%,,,,,,,,,,,,,,,,,,,
1926-09-30,1.5704%,,,,,,,,,,,,,,,,,,,
1926-10-31,-1.4449%,,,,,,,,,,,,,,,,,,,
1926-11-30,-0.6184%,,,,,,,,,,,,,,,,,,,
1926-12-31,2.0429%,,,,,,,,,,,,,,,,,,,
1927-01-31,-1.2552%,,,,,,,,,,,,,,,,,,,
1927-02-28,-0.6046%,,,,,,,,,,,,,,,,,,,
1927-03-31,0.1978%,,,,,,,,,,,,,,,,,,,
1927-04-30,3.9065%,,,,,,,,,,,,,,,,,,,
1927-05-31,1.6602%,,,,,,,,,,,,,,,,,,,
1927-06-30,0.0608%,,,,,,,,,,,,,,,,,,,
1927-07-31,-0.3051%,6.4781%,4.5724%,7.5279%,7.0635%,-1.0694%,-1.9425%,1.4217%,6.9065%,5.9894%,5.0002%,0.3380%,-2.8581%,-1.5683%,4.1415%,8.6061%,6.6868%,-1.1855%,-1.8243%,1.3598%
1927-08-31,2.6766%,1.8721%,,1.3796%,,,1.7444%,,0.2915%,0.4098%,0.4332%,2.0358%,2.0041%,2.1775%,2.3235%,0.9779%,2.3148%,0.8088%,2.1996%,0.8001%
1927-09-30,2.7353%,2.7911%,2.3827%,2.8612%,3.0341%,0.5686%,3.2984%,1.2200%,0.7302%,1.6908%,2.3227%,1.0887%,4.0255%,2.6813%,2.1677%,2.3491%,3.8565%,-0.1173%,3.9230%,1.5716%
1927-10-31,-4.1519%,-2.1111%,,-2.2867%,,,-7.4489%,,2.9702%,-3.4872%,3.1035%,-4.4788%,-3.5219%,-4.3454%,-0.3097%,-3.1956%,-2.8280%,0.3839%,-6.0306%,-2.1344%
1927-11-30,-3.0593%,-0.1433%,,-2.5739%,-1.7070%,,-2.6474%,-5.5167%,-0.1331%,-2.4315%,-0.9748%,-3.5281%,-2.4051%,-4.3698%,1.9061%,-1.7004%,-0.6356%,-2.7565%,-3.2594%,-5.2982%
1927-12-31,1.2358%,0.9439%,0.6952%,0.8652%,1.7952%,0.0973%,1.6972%,1.1973%,0.7429%,0.9493%,1.7452%,0.1450%,1.1945%,1.1473%,0.5717%,0.5984%,1.5795%,0.3130%,1.1282%,1.3208%
1928-01-31,-0.0819%,-0.6240%,-2.5095%,-0.2066%,1.6316%,-2.2865%,-0.0119%,1.8546%,-1.1504%,-0.2066%,0.3307%,-1.0769%,0.4271%,0.4042%,-1.9939%,0.8325%,-0.7107%,-1.0466%,-1.3668%,0.2367%
1928-02-29,-2.3166%,0.1216%,,-1.4790%,-1.1684%,,-2.6892%,-2.6953%,-0.8400%,-1.4449%,-0.7508%,-1.8756%,-3.2877%,-1.7864%,0.5593%,-0.2814%,0.0869%,-1.3399%,-2.2535%,-1.8123%
1928-03-31,1.3653%,7.7301%,6.0600%,15.1404%,1.7982%,0.7665%,8.1329%,-3.4952%,6.0087%,15.1404%,0.4532%,2.0603%,5.9014%,-3.4952%,5.3495%,13.5194%,4.3214%,-2.4672%,6.1348%,-3.4952%
1928-04-30,-5.7450%,-6.9873%,-6.0029%,-4.7052%,,,-1.1337%,-2.4290%,-6.5798%,-4.7052%,-2.3753%,-7.7078%,-6.0240%,-3.5033%,-2.8213%,-7.9699%,-10.1705%,1.1199%,-1.1993%,-6.2293%
1928-05-31,-2.0576%,2.1833%,1.3003%,-1.1141%,3.3133%,-2.1404%,0.1205%,-0.1275%,1.4037%,-0.1398%,1.5357%,-1.7942%,-2.7164%,-1.6623%,1.9420%,2.7973%,1.8107%,-2.1345%,0.3499%,-2.2658%
1928-06-30,1.0721%,1.9642%,1.8988%,2.3889%,0.5640%,1.0168%,1.1451%,-0.3179%,1.9864%,2.6917%,-1.8466%,2.2400%,2.5694%,-1.5930%,0.3247%,4.1250%,1.4431%,-1.0310%,1.1451%,0.0873%
1928-07-31,0.9186%,1.5333%,1.3819%,1.4102%,,,0.6322%,0.5152%,1.0162%,2.0865%,-0.5317%,1.4655%,1.3728%,-0.0824%,0.7512%,2.3283%,1.5204%,-0.2744%,-0.5928%,0.4948%
1928-08-31,3.9566%,2.9846%,0.7561%,1.4834%,8.3855%,-1.0503%,2.9709%,6.5792%,1.6375%,-1.2143%,7.7788%,0.3237%,5.0811%,6.4649%,-1.1718%,4.1250%,6.0006%,0.1840%,1.9827%,7.3564%
1928-09-30,4.4564%,1.6940%,2.2558%,0.8657%,2.6874%,3.5642%,6.3998%,3.9959%,2.4670%,1.8544%,2.1932%,3.5642%,6.3095%,3.2905%,0.7330%,1.6974%,2.6516%,2.0415%,5.4117%,3.9601%
1928-10-31,2.3057%,2.7318%,0.2528%,1.7563%,4.3859%,-0.7302%,3.8139%,3.4029%,-0.1842%,-0.8263%,5.3468%,-1.0614%,3.2107%,4.4696%,0.9594%,1.8892%,5.3468%,-0.5536%,0.2449%,3.8338%
1928-11-30,5.0355%,4.9020%,6.2054%,0.4543%,,,8.6558%,0.1893%,0.5298%,0.3302%,-0.3456%,4.2839%,7.8437%,3.4086%,3.6237%,3.0497%,8.0326%,-0.3386%,5.0170%,4.0703%
1928-12-31,2.2815%,1.5366%,0.6547%,-0.0444%,1.2980%,2.2839%,1.3651%,2.9272%,0.2883%,1.8456%,2.3107%,1.0824%,2.5823%,3.1048%,0.9220%,2.0555%,1.6322%,2.0477%,1.2354%,2.7580%
1929-01-31,3.2382%,2.6868%,4.8758%,2.1474%,0.2854%,3.7046%,3.8517%,-0.8858%,2.9523%,1.9191%,2.1947%,3.3302%,4.8030%,2.5726%,2.9094%,3.5666%,1.5844%,1.2247%,5.0671%,-0.1003%
1929-02-28,0.1573%,1.3003%,,2.4769%,,,-0.9452%,,0.5650%,3.1956%,0.6688%,-0.2612%,-0.2885%,-0.1574%,0.2761%,0.9021%,2.7226%,-2.5433%,-1.2368%,-0.0968%
1929-03-31,-1.5584%,-0.1798%,,1.1808%,0.0782%,-1.8086%,-1.6733%,,-1.0395%,1.8350%,-0.4095%,-2.5832%,-0.8632%,-1.9532%,-2.8064%,0.5341%,1.7330%,-3.2294%,-2.0109%,1.3100%
1929-04-30,0.4143%,1.1295%,1.4668%,2.7292%,-0.3306%,0.2295%,3.3830%,-1.5679%,1.9316%,1.6590%,0.8394%,-0.4757%,2.8810%,-1.5679%,2.5175%,1.2945%,-0.4235%,1.3731%,2.8151%,-1.5679%
1929-05-31,0.3263%,-4.7369%,-6.5065%,-4.0396%,-12.4663%,9.6147%,2.1356%,3.6548%,-1.7902%,-5.6090%,-10.2525%,5.6896%,-0.8056%,-2.7727%,-0.8699%,-4.1513%,-9.1894%,7.6651%,4.7800%,-0.6544%
1929-06-30,-3.8221%,9.6589%,9.0397%,11.0868%,7.1086%,-0.3977%,6.9282%,-2.3288%,13.2493%,10.1503%,6.8687%,-0.8565%,-3.1677%,-7.2371%,6.9361%,12.1916%,9.8491%,0.3853%,6.8497%,3.2983%
1929-07-31,3.4659%,2.2596%,,-4.0620%,-1.1002%,5.9195%,0.2771%,,-1.1095%,-1.4862%,2.3913%,3.3757%,3.5313%,6.8765%,0.1231%,3.1060%,3.5496%,1.7950%,2.0450%,5.2215%
1929-08-31,7.5708%,5.0030%,3.6836%,4.4455%,5.7218%,6.2059%,3.9887%,8.2441%,3.9414%,-0.3102%,6.9362%,6.4637%,6.9462%,9.4585%,3.5429%,6.2449%,4.9106%,6.0652%,4.5303%,7.4329%
1929-09-30,-3.3621%,-2.5143%,-4.5741%,-2.7558%,0.8338%,-4.8177%,-2.1664%,0.5901%,-2.4625%,-2.9558%,1.6334%,-3.3164%,-6.7120%,0.7795%,-5.0660%,-3.5368%,1.3155%,-4.2699%,-1.5328%,2.1116%
1929-10-31,3.0913%,-2.7863%,-0.3402%,-2.4318%,,3.6025%,2.8826%,,-3.0782%,-3.5185%,8.1343%,-1.5969%,0.5340%,9.6156%,-4.6228%,-2.2125%,-1.6672%,0.0003%,5.0785%,2.9559%
1929-11-30,8.8373%,-3.0281%,-1.0800%,-3.2947%,-0.0105%,8.3933%,7.4745%,9.4628%,-0.2405%,-3.2482%,-0.2660%,8.8510%,8.6100%,8.8255%,-0.8368%,-5.1906%,-2.5162%,8.5625%,7.5977%,6.8830%
1929-12-31,-5.7450%,1.0828%,3.8058%,4.4001%,2.9465%,-5.6838%,-9.0795%,-6.5430%,3.6089%,2.5129%,3.6800%,-5.1137%,-6.5886%,-5.0426%,2.2757%,0.6641%,0.4133%,-4.0511%,-9.0795%,-5.9134%
1930-01-31,1.3014%,-3.1607%,-4.9896%,-2.7157%,-2.8191%,-0.1714%,2.8585%,1.9991%,-6.9489%,-3.0359%,-2.9122%,-1.9130%,3.2150%,2.1237%,-4.3208%,-2.1785%,-3.2284%,0.2498%,3.0701%,1.3421%
1930-02-28,1.7214%,-0.2509%,,-0.4321%,1.0983%,,2.6211%,1.9776%,1.6628%,0.4499%,0.8219%,2.0757%,1.8273%,1.2348%,-2.1631%,0.2699%,1.0102%,-0.8386%,2.4154%,2.3347%
1930-03-31,1.2679%,-2.5981%,-1.0204%,-3.9826%,-2.2711%,2.0710%,0.1140%,0.8203%,-1.2929%,-4.0622%,-3.6233%,2.0008%,1.9595%,-0.3295%,-2.1819%,-3.6549%,-1.6934%,1.0022%,0.0318%,1.4906%
1930-04-30,-0.5422%,2.8543%,-3.5696%,4.2267%,2.4052%,-5.5868%,2.9085%,0.3879%,1.0895%,2.9664%,5.1821%,-2.6487%,-0.4459%,1.4440%,0.8597%,4.8897%,2.3047%,0.8316%,0.9855%,2.2766%
1930-05-31,-2.3354%,0.2569%,1.7556%,2.0791%,0.3780%,-2.4426%,-2.2664%,-3.8202%,3.1383%,1.9987%,0.4944%,-0.8118%,-2.6489%,-3.4557%,-1.5298%,2.3398%,-0.5600%,-4.1003%,-1.8414%,-3.1305%
1930-06-30,6.6857%,8.4195%,8.7544%,4.5687%,10.5692%,3.7383%,11.6719%,5.5531%,12.4862%,4.0932%,10.7808%,5.8238%,9.4292%,4.1183%,12.4862%,3.7356%,10.2076%,5.2378%,6.8165%,2.9591%
1930-07-31,-3.1449%,-2.5964%,0.4278%,-4.4306%,1.7936%,-4.5711%,-3.5682%,-3.2053%,0.9294%,-3.4045%,0.2964%,-3.3721%,-2.2751%,-4.0051%,-3.0801%,-2.1474%,-2.6741%,-1.0269%,-2.4281%,-0.6209%
1930-08-31,-3.6599%,2.7884%,3.3106%,-0.6572%,4.1845%,-0.2499%,-3.8461%,0.6240%,2.1975%,1.8895%,-0.6958%,-1.2439%,-5.2108%,-4.1372%,5.0140%,3.7623%,-0.6548%,0.6370%,-5.7840%,-5.0318%
1930-09-30,4.9174%,6.6905%,9.1981%,5.7885%,7.4056%,4.4263%,7.2380%,2.6338%,8.5580%,4.9007%,3.7156%,8.5033%,3.5258%,3.6609%,7.9444%,4.5219%,8.1473%,4.1367%,5.6240%,4.3397%
1930-10-31,8.4684%,3.0574%,0.5324%,0.5147%,2.0017%,6.7470%,8.1159%,8.2163%,2.3756%,0.5147%,-0.1929%,10.1120%,7.8934%,7.5436%,0.6616%,5.9171%,1.8785%,7.0338%,7.0112%,8.2507%
1930-11-30,-0.5498%,-0.1114%,-2.2963%,-0.6394%,-1.0214%,-2.5997%,0.6371%,-1.3248%,2.0159%,1.1342%,-1.6507%,1.4458%,-0.8095%,-2.2208%,-0.8937%,0.8795%,-0.5677%,-1.0087%,0.0699%,-0.6827%
1930-12-31,0.2733%,0.0476%,7.9001%,-3.0035%,-4.9401%,2.5883%,6.1149%,-10.2519%,4.3148%,-2.1803%,-3.2151%,0.8632%,5.3534%,-6.6667%,5.3057%,-0.7376%,-4.2289%,1.8771%,5.2853%,-7.6575%
1931-01-31,-9.5811%,-6.0117%,-3.4421%,-1.9489%,-1.8111%,-8.1413%,-12.0751%,-6.5103%,-1.6197%,-1.9729%,-0.2230%,-11.2131%,-8.0872%,-9.8165%,-6.7410%,-6.3804%,-4.8215%,-7.2852%,-8.5218%,-5.3656%
1931-02-28,11.5179%,-11.6062%,-2.6150%,-8.1403%,-18.8151%,13.0266%,4.4569%,-3.1735%,1.5731%,-2.7102%,-5.0257%,11.1783%,19.6382%,4.5795%,-9.7287%,-10.1164%,-13.8552%,10.8786%,5.2856%,6.7521%
1931-03-31,-6.0605%,3.4463%,-1.7693%,-1.2966%,6.4914%,-7.8410%,-7.8175%,0.4197%,-2.1035%,-0.7187%,0.9561%,-7.1607%,-7.0810%,-4.1010%,3.2523%,1.0733%,6.6067%,-6.8809%,-6.4283%,-3.5265%
1931-04-30,6.3514%,11.3443%,7.2023%,10.8137%,,,4.1551%,5.3790%,7.5244%,10.2883%,8.4669%,8.6235%,2.3168%,9.5660%,9.5135%,11.1799%,13.3805%,1.1778%,-1.7497%,5.0449%
1931-05-31,5.2783%,6.2714%,,5.6332%,,,1.5109%,,3.0354%,5.8550%,0.4648%,5.6915%,6.7352%,3.1210%,5.3855%,5.9670%,7.5377%,-0.2084%,0.6872%,1.9438%
1931-06-30,-15.3597%,-13.6278%,,-4.8181%,,,-11.5128%,,1.0355%,-1.4154%,-1.6549%,-16.3273%,-13.6652%,-19.0177%,-15.3774%,-14.9374%,-10.2413%,-8.9244%,-5.7734%,-3.7883%
1931-07-31,-5.6208%,6.4492%,,4.3879%,,,-2.8241%,,4.0061%,4.3879%,0.8168%,-4.4459%,-4.5149%,-7.6353%,5.9961%,7.2159%,5.9440%,-1.3496%,-3.2975%,-1.4018%
1931-08-31,-0.7940%,2.6000%,,4.8860%,3.0099%,-1.3697%,-4.2350%,,6.3430%,3.8182%,0.9385%,0.6195%,1.7224%,-4.7850%,2.0027%,1.1293%,5.0357%,-4.0290%,-5.3615%,-0.9960%
1931-09-30,-4.1922%,1.8004%,-0.1805%,5.7627%,1.6120%,-5.1485%,-5.5159%,-3.3560%,-2.6527%,7.4553%,5.9614%,-7.6063%,-5.8215%,1.0077%,1.4544%,5.3627%,-2.3064%,-4.2581%,-6.3098%,-8.0189%
1931-10-31,-4.4619%,5.5221%,5.8906%,3.5575%,-0.1850%,-3.3194%,-2.1271%,-9.3950%,6.4380%,4.3838%,7.4065%,-7.1515%,-2.5049%,-6.1830%,6.1304%,5.9257%,4.4093%,-6.2062%,-7.0350%,-7.9273%
1931-11-30,-1.4956%,1.4220%,-0.0761%,5.3842%,2.7957%,-3.4221%,-2.0407%,-0.5504%,1.7652%,4.6651%,0.3848%,0.2121%,-3.1889%,-1.1684%,0.0681%,-0.3291%,4.3602%,-3.8604%,-2.5746%,0.4316%
1931-12-31,11.6886%,9.7889%,12.7381%,2.2486%,5.3871%,8.9182%,9.0458%,1.5672%,1.5003%,0.4253%,5.2681%,6.7737%,16.0859%,10.5415%,7.2460%,13.7672%,7.2413%,6.2755%,9.8352%,6.2708%
1932-01-31,-14.1798%,10.1839%,1.4215%,2.0680%,1.5365%,-14.2722%,-9.6446%,-14.1572%,1.1665%,3.0506%,5.6669%,-17.2551%,-13.1448%,-12.7547%,13.9584%,9.1754%,8.1729%,-9.4895%,-8.3234%,-15.2750%
1932-02-29,-7.3320%,4.3627%,6.2627%,-0.4356%,4.3472%,-6.0146%,-6.0087%,-7.9300%,6.2395%,1.9747%,2.0198%,-5.2885%,-6.7907%,-9.5082%,6.9294%,3.4507%,3.2214%,-6.0146%,-7.4777%,-9.7226%
1932-03-31,0.4960%,6.2545%,10.0863%,10.4057%,5.4642%,-1.2220%,-3.2519%,-5.8442%,5.7990%,9.9853%,10.2829%,-2.4860%,2.7782%,1.9979%,2.1400%,9.1942%,6.6065%,-8.4767%,-2.2736%,-4.0102%
1932-04-30,8.1534%,0.4389%,-7.4999%,-5.5089%,-4.8064%,9.1665%,17.0653%,11.8600%,-8.3917%,-5.8694%,-6.1818%,7.3246%,7.4352%,9.5346%,-1.0532%,3.1072%,-1.0356%,7.6141%,13.2767%,7.6317%
1932-05-31,10.9615%,1.3428%,-0.7540%,9.8855%,6.6619%,7.9614%,11.9573%,15.3772%,1.1392%,12.3107%,5.6931%,8.3880%,11.0397%,12.9419%,-0.0075%,-1.1676%,4.9334%,10.8195%,8.8307%,15.7604%
1932-06-30,-2.2347%,0.2915%,3.1771%,-5.3969%,5.1080%,-3.0631%,-3.0398%,-1.1322%,3.3017%,-4.8414%,5.1080%,-3.0631%,-2.5498%,-1.2569%,3.1771%,-5.6869%,3.9615%,-1.9166%,-4.1006%,-1.1322%
1932-07-31,14.1795%,-44.4411%,-46.1476%,-40.3322%,-49.3805%,3.8343%,11.9736%,0.6014%,-39.4669%,-30.0316%,-57.3832%,18.4544%,24.4009%,0.5381%,-49.0166%,-33.9379%,-51.2839%,4.2781%,11.1965%,2.0109%
1932-08-31,51.7633%,-47.7471%,,-21.2039%,,,36.1010%,,-6.0599%,-20.4320%,-26.7391%,66.8171%,45.3458%,46.1379%,-36.7369%,-45.2452%,-59.0571%,37.4921%,34.5100%,15.1720%
1932-09-30,-4.8133%,5.9565%,-3.9138%,5.7136%,,-11.0750%,1.9374%,,2.1366%,4.9863%,5.6288%,-5.7584%,-6.6043%,-2.2662%,0.8072%,5.9629%,10.0697%,-5.0085%,3.3783%,4.2539%
1932-10-31,9.1272%,6.5360%,-7.5529%,12.5814%,5.0039%,4.5962%,8.9920%,17.1530%,0.8746%,7.1680%,8.0615%,8.2997%,3.4296%,15.4867%,0.3788%,14.6091%,6.6569%,2.6613%,10.7503%,8.9394%
1932-11-30,7.1366%,2.6350%,-8.4841%,-0.4491%,4.8863%,1.6043%,7.1072%,14.9746%,-11.8704%,0.9018%,6.6382%,-5.3379%,11.0822%,13.1708%,1.8991%,1.1427%,6.3534%,6.2039%,2.3503%,10.6582%
1932-12-31,12.3643%,1.6400%,7.0363%,2.6242%,-5.7441%,14.8270%,16.8461%,2.0467%,2.7262%,4.9135%,-5.7441%,14.8270%,16.4016%,6.3567%,8.2188%,2.2532%,-4.5895%,13.6725%,17.3691%,0.8642%
1933-01-31,-1.6925%,0.0762%,-0.3911%,-2.0111%,0.9454%,-1.5023%,-4.7212%,-0.1657%,-1.1725%,-0.8344%,-2.6903%,0.4477%,-4.3938%,-1.0700%,0.4584%,-0.4762%,0.3229%,-0.7352%,-2.8735%,-0.8706%
1933-02-28,-2.9159%,-5.3716%,-6.9892%,-0.3466%,-9.0983%,-2.1901%,3.7308%,-4.2992%,-6.7561%,1.0216%,-4.6385%,-4.5222%,-2.1101%,-2.4045%,-1.6014%,-3.6029%,-10.3000%,1.1394%,4.7756%,-7.5593%
1933-03-31,-4.6220%,6.4314%,6.2924%,4.4074%,3.3695%,-3.5582%,0.9346%,-6.4811%,5.4945%,6.6296%,5.3519%,-7.3007%,0.3424%,-7.4434%,11.3185%,7.3375%,2.2582%,-0.4269%,-0.6161%,-9.4872%
1933-04-30,35.4666%,30.2370%,,36.2870%,6.6108%,47.2901%,13.5158%,,3.9187%,33.5088%,16.9383%,36.8180%,20.0795%,49.8376%,36.1182%,28.4766%,27.2924%,31.4730%,12.7252%,22.6473%
1933-05-31,30.6454%,33.0976%,,25.7548%,16.6135%,25.5218%,11.0423%,,15.8327%,40.2278%,32.3248%,26.3946%,21.8046%,42.8868%,46.6577%,19.3977%,32.8525%,23.3803%,12.5845%,9.5751%
1933-06-30,11.2608%,5.1698%,4.5261%,-1.5297%,-1.7754%,14.7235%,7.7668%,8.4220%,2.7445%,-3.3250%,4.8291%,12.2240%,7.4424%,14.3086%,5.4689%,7.1034%,2.9970%,11.5609%,7.2447%,9.0890%
1933-07-31,-6.3135%,-2.3787%,-2.1886%,-0.6749%,-0.5538%,-7.3920%,-3.7828%,-5.7572%,-1.9067%,-1.2711%,-0.6015%,-7.7625%,-5.0104%,-6.4573%,-3.0586%,-3.4590%,-0.7546%,-7.4290%,-3.1717%,-5.1250%
1933-08-31,-10.7153%,-0.3292%,-7.6790%,-0.2920%,2.3050%,-16.5741%,-7.1343%,-6.5900%,-10.1560%,-0.4746%,1.0327%,-16.9609%,-10.6621%,-5.7721%,-7.9657%,1.6039%,3.8471%,-16.5741%,-6.4213%,-4.7612%
1933-09-30,-8.7831%,11.0197%,7.0595%,13.7685%,4.6495%,-7.7624%,-3.5854%,-10.1724%,6.5471%,12.3267%,7.5659%,-9.1664%,-9.1120%,-8.1476%,8.5844%,13.9740%,10.0135%,-7.3147%,-2.1401%,-5.8855%
1933-10-31,9.1329%,8.7362%,,3.5287%,,,4.4797%,,3.6768%,2.4862%,2.2450%,8.7739%,11.2107%,7.3421%,9.7652%,10.7241%,5.9250%,6.3156%,3.1369%,2.4755%
1933-11-30,-2.7074%,4.7782%,3.6039%,7.7818%,2.3584%,-0.2492%,-5.4948%,-1.4946%,1.6106%,6.2540%,2.2693%,-3.0942%,-2.3196%,-2.4355%,6.1140%,3.1703%,5.3175%,-0.8114%,-5.9805%,-1.6078%
1933-12-31,2.4305%,2.4179%,1.7071%,2.1313%,4.2678%,2.2570%,0.2585%,4.8177%,1.0868%,0.4884%,4.8148%,1.5549%,0.2786%,5.2829%,2.7854%,0.7344%,3.8075%,1.8606%,0.9696%,2.8826%
1934-01-31,10.6465%,27.7925%,26.2736%,43.4719%,-3.0000%,24.7683%,5.3243%,-4.5053%,19.0058%,41.5320%,7.3873%,15.2388%,13.9989%,3.6203%,28.7592%,33.8246%,20.9870%,-0.9749%,3.0278%,-8.7471%
1934-02-28,3.1432%,3.0410%,,,2.6906%,0.8983%,0.0402%,,1.9476%,2.0248%,-0.1969%,3.9382%,3.8567%,1.7937%,5.0366%,2.7417%,1.7438%,3.8841%,1.5973%,0.5913%
1934-03-31,-0.2062%,-0.4341%,-0.5314%,-0.6295%,0.1009%,-0.6142%,-0.0344%,0.0180%,-1.0980%,-0.9687%,-0.5794%,-0.3979%,-0.2073%,0.1208%,-1.1198%,-0.0769%,-0.2260%,-0.4460%,0.2810%,0.4478%
1934-04-30,-2.6410%,-2.3891%,-4.7858%,-3.5535%,-1.1513%,-4.2699%,-6.1189%,-0.6354%,-0.5215%,-4.5181%,-1.9326%,0.4878%,-6.2897%,-0.9234%,-4.4735%,-3.0939%,-0.0168%,-3.1129%,-6.5756%,1.3437%
1934-05-31,7.5206%,-6.1594%,-2.9844%,-7.2072%,-5.5712%,6.9089%,10.2284%,4.3221%,-3.1899%,-5.6115%,-2.9181%,5.5178%,10.8539%,5.7896%,-2.8821%,-7.4430%,-7.2551%,7.4400%,8.7460%,3.0670%
1934-06-30,3.4818%,1.2086%,1.2782%,-0.2673%,1.8211%,3.2281%,2.2280%,3.7710%,1.5460%,-0.6494%,0.8367%,4.4804%,2.3936%,3.7710%,0.7716%,1.2434%,1.5234%,3.1535%,1.8575%,3.9052%
1934-07-31,12.8188%,13.4368%,16.6403%,5.3007%,14.9227%,9.3757%,9.4381%,7.6581%,17.1225%,10.3358%,9.5115%,13.9136%,18.4591%,6.3027%,15.6789%,11.3188%,13.7612%,12.3541%,8.7198%,10.4365%
1934-08-31,-8.9458%,8.1057%,6.5335%,4.4644%,,-4.2301%,-8.1091%,,5.2048%,4.5433%,1.4957%,-6.3943%,-9.8295%,-10.1033%,9.4842%,6.0029%,9.1057%,-3.0159%,-8.6121%,-3.3944%
1934-09-30,-0.3037%,-0.3976%,,-0.0154%,-1.3536%,0.8694%,-0.4394%,,0.7863%,-0.3372%,-0.9252%,1.2866%,-1.4549%,-0.4248%,0.0851%,0.2206%,-1.4021%,1.1545%,-0.3476%,-0.3326%
1934-10-31,1.6961%,-4.0008%,-5.3272%,-3.8897%,-2.5234%,0.5445%,0.3884%,3.3483%,-5.8485%,-1.0403%,-2.1218%,0.2944%,0.4925%,4.0210%,-6.2263%,-4.0196%,-2.0377%,1.1553%,1.2918%,5.3439%
1934-11-30,-4.5006%,4.4639%,,1.7487%,2.5190%,,-1.2571%,-4.6617%,2.5845%,2.9030%,1.4062%,-3.0780%,-5.8830%,-4.2563%,5.2578%,6.6885%,1.6042%,-2.5510%,-0.2102%,-6.2046%
1934-12-31,0.8024%,-0.3507%,-3.5792%,0.1127%,0.8233%,-1.6840%,2.3617%,2.7185%,-2.4503%,0.0607%,1.3251%,-1.6840%,1.5025%,2.0913%,-2.5793%,0.1984%,0.8831%,-1.3153%,2.4065%,2.1471%
1935-01-31,1.1929%,-0.5227%,2.5630%,0.7135%,-4.3560%,5.1825%,0.1139%,-1.7364%,1.5146%,1.5018%,-3.6113%,5.1825%,-1.5254%,0.0567%,4.4906%,-1.5118%,-3.5442%,5.1825%,-0.3356%,-2.8522%
1935-02-28,11.6639%,9.0095%,,5.1263%,-4.3401%,15.9920%,11.8457%,,8.1475%,3.3102%,-3.7991%,20.2595%,8.1385%,8.3129%,7.8979%,12.1763%,6.7319%,3.5872%,8.5641%,2.4212%
1935-03-31,2.8340%,3.6114%,,3.7942%,2.0176%,1.5068%,1.8502%,,0.5983%,3.4554%,1.2460%,3.0500%,1.7975%,3.6976%,6.1664%,2.7568%,2.4220%,1.6859%,1.9039%,-2.0585%
1935-04-30,-1.9899%,-3.1435%,-3.0496%,-3.0518%,-6.1045%,3.1213%,-1.8773%,0.0663%,-2.3053%,-2.7912%,-2.1448%,-1.6676%,-2.7304%,-1.5071%,-2.4585%,-3.3618%,-3.4732%,1.9453%,-1.2792%,0.9306%
1935-05-31,2.6590%,-0.7815%,0.9203%,0.3005%,1.7290%,2.5940%,3.1405%,3.4027%,0.9534%,0.2315%,-0.7922%,3.4273%,3.0215%,1.6817%,1.3955%,-1.5486%,-1.7561%,2.9364%,3.6638%,-0.2151%
1935-06-30,-0.7071%,0.4873%,-0.1676%,1.8006%,-1.0281%,-0.3498%,-1.6414%,-1.2103%,0.6810%,1.8006%,0.4546%,0.2064%,-2.1250%,-0.0200%,0.1172%,0.4052%,0.8656%,-0.3498%,0.8712%,0.3986%
1935-07-31,1.5998%,-5.3445%,-8.8372%,-5.4345%,-2.3098%,-2.1334%,2.6109%,4.3940%,-9.7715%,-5.1587%,-2.6931%,-1.7502%,0.5514%,5.3282%,-8.8372%,-4.9486%,-2.9461%,-1.4971%,2.3036%,4.3940%
1935-08-31,6.5759%,3.3125%,5.4363%,-0.6206%,2.3047%,6.9595%,8.3861%,3.8280%,5.9335%,-0.5911%,4.7173%,7.0511%,6.9369%,5.8349%,6.6452%,0.7696%,3.1893%,8.1684%,9.5063%,4.7125%
1935-09-30,-0.8490%,4.3636%,1.9095%,,5.2778%,-0.7779%,1.5868%,2.5903%,3.2205%,6.1267%,5.8152%,-2.3573%,-0.7287%,0.2374%,2.4216%,2.6609%,7.6200%,-1.3351%,0.7596%,3.8633%
1935-10-31,-1.2767%,-5.4808%,-7.2761%,-6.6509%,-3.4797%,-1.7049%,2.1051%,2.0915%,-7.1702%,-6.3270%,-3.3412%,-1.4689%,-4.7596%,2.3600%,-8.6816%,-7.5754%,-0.8257%,-3.5527%,0.6967%,4.3032%
1935-11-30,8.3653%,-8.0737%,,-2.7085%,-6.8495%,,3.1952%,5.7044%,-3.1101%,-1.6330%,-5.2827%,7.9569%,11.2731%,5.7843%,-7.0121%,-8.6772%,-8.3196%,6.3992%,3.0459%,5.0917%
1935-12-31,6.8336%,-4.8353%,3.0102%,-1.0500%,,10.2453%,4.8709%,,-0.4007%,-1.3930%,-0.1882%,6.7480%,6.7753%,6.9605%,-3.5453%,-5.1035%,-5.5991%,5.7411%,5.1116%,3.6873%
1936-01-31,7.3397%,-7.6245%,-7.6942%,-1.4933%,-8.7578%,4.5395%,5.1385%,3.4759%,-4.3918%,-1.9524%,-9.3505%,9.9390%,7.6196%,4.9803%,-9.9316%,-6.6498%,-6.7534%,4.3766%,4.0433%,7.5548%
1936-02-29,2.5424%,-1.6817%,-1.1263%,-1.3820%,-2.0307%,2.8611%,3.0612%,1.9567%,-0.0668%,-0.5557%,-2.4286%,3.8795%,2.7003%,1.5177%,-2.0531%,-0.8411%,-2.2252%,3.0556%,2.0992%,2.8836%
1936-03-31,1.4332%,0.2062%,3.5408%,0.9332%,-3.4042%,4.5023%,1.2069%,-2.4426%,2.8055%,0.9332%,-3.0638%,4.1620%,1.9073%,-1.7074%,3.5408%,0.9332%,-3.4042%,4.5023%,0.5749%,-2.4426%
1936-04-30,-1.7393%,-7.2398%,-8.1665%,-5.7301%,,,-2.7386%,1.4680%,-10.7372%,-7.8285%,-0.9040%,-8.3652%,-0.7549%,1.4680%,-6.9670%,-8.4213%,-6.2765%,0.2393%,-5.9610%,0.9298%
1936-05-31,-2.5017%,1.6038%,,-1.8019%,,,-2.7532%,,-1.1225%,-0.4083%,0.5767%,-3.8766%,-2.5801%,-2.1775%,2.0953%,2.0171%,0.7973%,-0.4239%,-2.7231%,-1.7219%
1936-06-30,-0.3907%,-2.9087%,-2.6430%,-3.0103%,-1.7189%,-1.4312%,-0.0964%,-0.5072%,-2.7082%,-3.2995%,-2.1952%,-0.8447%,-0.7985%,-0.3317%,-3.7957%,-1.4643%,-3.6435%,-0.6594%,1.5298%,-0.5072%
1936-07-31,-4.0591%,5.8392%,,5.2134%,2.5763%,,0.4559%,-3.9671%,4.5137%,3.7176%,3.6716%,-4.3631%,-3.9935%,-5.2052%,7.3526%,5.7154%,4.6610%,0.5483%,2.5685%,-2.1434%
1936-08-31,1.9136%,1.8316%,1.8805%,0.4110%,1.1237%,1.2649%,1.2450%,0.5081%,1.0000%,-0.0184%,0.5603%,1.6673%,2.7364%,1.2276%,1.7200%,1.6586%,1.9308%,1.1753%,0.9780%,1.3861%
1936-09-30,1.1853%,1.9394%,2.1734%,0.4687%,,,-0.1674%,-0.2271%,1.6199%,1.4405%,1.1338%,0.5944%,2.1839%,0.1082%,2.9514%,2.0763%,0.9929%,0.9650%,-1.4254%,-0.9935%
1936-10-31,0.0080%,-0.1317%,0.9959%,0.6443%,-2.1812%,1.5719%,0.0092%,-1.6051%,2.0222%,0.3500%,-0.5213%,1.2935%,-0.7302%,-1.2500%,1.5302%,-0.1975%,-1.3954%,1.2966%,0.0810%,-1.6289%
1936-11-30,-2.3788%,2.6697%,4.1250%,2.6680%,0.1882%,-0.5901%,-2.5705%,-4.5269%,4.1250%,2.9565%,0.1361%,-0.8624%,-2.2584%,-4.8513%,4.4454%,2.2367%,1.6821%,-2.0473%,-2.6342%,-4.8105%
1936-12-31,3.1906%,3.8602%,3.5985%,2.3463%,5.9120%,-0.9046%,2.3370%,1.4088%,2.4968%,2.4869%,5.7917%,1.6798%,2.7526%,4.9747%,3.0655%,3.8964%,4.4598%,0.9852%,2.3370%,2.3795%
1937-01-31,3.9124%,1.6888%,3.4066%,-0.5405%,1.2257%,5.4343%,1.9188%,3.2534%,3.2572%,1.5830%,1.5259%,5.3938%,2.6809%,3.6625%,4.2539%,0.1911%,0.6212%,5.9414%,2.8433%,2.3087%
1937-02-28,4.8379%,1.0804%,2.9853%,0.1029%,-0.6669%,6.2742%,5.3388%,2.6220%,2.5944%,1.7667%,0.1867%,5.5926%,5.7365%,3.1848%,3.7291%,0.6793%,-1.1249%,7.4760%,4.3639%,2.6220%
1937-03-31,6.7201%,-0.8948%,0.7752%,-0.0126%,-1.1377%,6.5376%,10.5503%,4.6247%,1.1425%,0.0772%,-2.4643%,7.5878%,8.5914%,3.9810%,1.6588%,-3.3429%,-1.0002%,7.3021%,9.3804%,4.6431%
1937-04-30,-7.6917%,0.0380%,-1.1029%,0.6585%,-0.9834%,-7.8991%,-7.5933%,-7.7795%,-1.1029%,0.3414%,-1.0598%,-8.5440%,-6.0303%,-8.5009%,-1.1029%,0.8440%,0.3731%,-7.6731%,-7.5933%,-6.1970%
1937-05-31,2.7807%,-1.0146%,-2.3694%,1.3659%,-1.9611%,0.1670%,4.2227%,0.5753%,0.6217%,0.9677%,-0.2644%,2.6516%,3.9251%,1.7654%,-0.5008%,-0.4926%,-2.0504%,2.1187%,3.7141%,0.5691%
1937-06-30,3.7290%,-3.1243%,,-0.9292%,-2.6605%,,2.4738%,1.9889%,0.1904%,-1.1544%,-1.9368%,3.9370%,5.4403%,1.8098%,-3.4808%,-2.5167%,-3.3755%,2.7587%,2.6610%,2.8641%
1937-07-31,-3.5490%,4.3531%,3.5157%,2.4526%,,-1.3846%,-0.8534%,,2.9041%,2.3366%,3.5441%,-4.2734%,-2.7401%,-3.6334%,4.2325%,4.9973%,3.8294%,-1.4448%,-2.7239%,-1.8479%
1937-08-31,-3.4878%,-3.3350%,,-1.5619%,-1.0931%,-3.2414%,-1.3324%,,-1.7798%,-2.4489%,-2.3404%,-3.5472%,-2.8085%,-4.1077%,-3.1276%,-2.6076%,-4.2699%,-2.0434%,-1.6389%,-3.1858%
1937-09-30,9.1750%,-13.4923%,-11.5198%,-10.1328%,-12.9308%,4.2980%,-0.1003%,2.8871%,-7.7133%,-9.7039%,-12.1445%,8.6559%,14.6442%,4.2248%,-13.6676%,-14.3249%,-12.4844%,4.3333%,1.3055%,5.5165%
1937-10-31,5.3355%,-4.6445%,,-4.9130%,,,8.8103%,,1.1278%,-0.2378%,0.2516%,5.4029%,5.9115%,4.5267%,-4.8294%,-3.2629%,-5.8411%,2.8292%,2.9851%,1.8175%
1937-11-30,3.8791%,-3.2966%,-2.0292%,-0.4232%,,3.2154%,1.5725%,,-1.3316%,0.5688%,-1.7336%,3.7415%,4.9792%,3.3395%,-2.0486%,-4.1057%,-3.7355%,3.1389%,2.1286%,1.4521%
1937-12-31,3.8931%,-3.2998%,1.7666%,-3.5522%,-2.5407%,7.4844%,1.1046%,3.1771%,-0.1130%,-0.7210%,-1.9217%,5.0526%,3.3829%,3.2439%,-3.4763%,1.2624%,-7.6855%,4.2654%,0.3435%,0.0562%
1938-01-31,-1.3254%,-2.4217%,-3.6485%,2.3594%,-3.5949%,-1.7460%,1.2657%,-1.6924%,-4.1945%,0.6857%,-4.2293%,-2.2920%,0.6427%,-2.3268%,-4.8317%,0.6296%,-3.0629%,-2.9292%,1.7135%,-1.1604%
1938-02-28,0.4455%,2.3312%,1.9531%,3.2079%,2.4294%,0.7539%,1.3511%,1.2302%,2.1453%,3.2354%,0.6346%,1.4264%,-0.0056%,-0.0842%,1.5982%,3.4096%,1.9859%,1.6725%,1.2249%,2.0602%
1938-03-31,-9.6272%,1.3485%,5.3580%,-1.6615%,5.4251%,-11.4708%,-8.7832%,-11.4036%,4.6603%,-2.3144%,4.0231%,-11.2246%,-5.5317%,-11.8618%,5.0085%,-3.2078%,2.2447%,-7.6163%,-10.1601%,-10.3801%
1938-04-30,-8.5691%,-5.0415%,-5.7785%,-2.8754%,-0.7095%,-11.2389%,-6.2105%,-6.1699%,-7.5869%,-1.1733%,-0.8378%,-13.1075%,-6.2414%,-6.3584%,-10.3680%,-3.8746%,-0.8818%,-13.1075%,-3.1221%,-3.6213%
1938-05-31,-6.7870%,4.1819%,1.5430%,9.0994%,-1.3619%,-6.5640%,-4.4071%,-9.4689%,1.6283%,5.4381%,3.8317%,-10.0264%,-2.5114%,-7.8230%,2.2301%,4.7761%,5.5395%,-7.9179%,-2.4798%,-4.6085%
1938-06-30,-24.3887%,-7.3128%,0.5021%,-4.6007%,4.2205%,-29.1682%,-18.3021%,-25.4499%,-2.2519%,-5.4408%,0.8927%,-30.7725%,-14.7659%,-27.6279%,-9.2311%,-15.0558%,2.3485%,-30.4773%,-15.6956%,-18.8978%
1938-07-31,7.7492%,-4.8276%,-0.7368%,-7.6244%,0.7986%,9.2615%,1.3644%,10.7968%,-0.5855%,-8.9462%,-2.1856%,9.6676%,5.5125%,8.0675%,-0.6046%,-6.8382%,-7.0399%,10.0707%,-1.0902%,3.6353%
1938-08-31,-4.3598%,2.1823%,-0.0958%,-0.7987%,3.2524%,-5.2018%,,-1.8536%,-1.5755%,-0.7523%,3.7479%,-7.4680%,-3.4670%,-2.1446%,-0.5374%,3.0538%,4.0305%,-5.8620%,-1.8036%,-1.2941%
1938-09-30,4.4260%,2.1103%,,0.0142%,1.4557%,3.5451%,4.2824%,,1.8492%,-0.8197%,1.2133%,4.6013%,4.7113%,3.9654%,3.1025%,0.3593%,2.8692%,4.0404%,4.9068%,3.8071%
1938-10-31,-8.6420%,-7.5906%,-8.3333%,-4.4732%,-4.3647%,-9.9772%,-4.2996%,-6.0087%,-8.1954%,-4.4732%,-6.4738%,-9.3148%,-9.0179%,-7.5932%,-12.8720%,-4.5645%,-5.3354%,-11.4641%,-4.0540%,-3.9275%
1938-11-30,-3.4601%,1.9058%,0.1485%,0.7847%,3.2999%,-4.7424%,-3.6225%,-1.5910%,-1.1998%,0.7889%,3.1699%,-5.7062%,-3.3374%,-1.3366%,1.3483%,1.3642%,3.0051%,-3.8690%,-3.9336%,-2.2122%
1938-12-31,-0.4601%,-0.7920%,1.5826%,-1.8532%,-2.4353%,1.9077%,-0.5142%,-2.1102%,0.9060%,-1.0596%,-2.1234%,0.8864%,-0.2600%,-2.1431%,0.5888%,0.2085%,-3.5349%,1.7774%,-0.3909%,-2.3463%
1939-01-31,-6.6268%,-2.0849%,-6.9504%,0.2412%,0.8299%,-10.0486%,-6.7310%,-2.2683%,-6.2938%,-0.5980%,1.1564%,-10.3752%,-6.7326%,-2.9249%,-6.4866%,-0.5980%,0.8299%,-10.0486%,-6.7177%,-2.7321%
1939-02-28,-3.4051%,0.8206%,-1.8056%,-0.2635%,3.0683%,-5.1433%,-3.6520%,-0.2694%,-1.7679%,-1.5176%,1.3851%,-4.8698%,-3.6287%,-1.7168%,-1.8239%,0.9380%,3.3476%,-5.6598%,-2.8374%,-0.4883%
1939-03-31,-15.6110%,-9.0559%,-16.3161%,-0.7664%,5.6633%,-24.8208%,-7.2018%,-2.8414%,-13.9933%,-5.2871%,4.7214%,-23.9242%,-17.6993%,-5.2094%,-14.3934%,-15.2454%,2.4709%,-22.5096%,-5.8406%,-5.6453%
1939-04-30,-0.8672%,1.0959%,0.3196%,1.3434%,2.1116%,-0.9910%,-0.4839%,0.8011%,0.4268%,0.6841%,1.2211%,-1.2870%,-0.8220%,-0.4927%,0.8064%,0.2626%,2.2188%,-1.5622%,-0.7159%,-0.1498%
1939-05-31,1.5690%,1.6601%,2.2828%,-1.7088%,2.1444%,1.4577%,-0.6967%,1.3194%,3.4125%,-1.2759%,2.5687%,2.6793%,0.1924%,1.8355%,2.4110%,3.6533%,-1.0841%,4.2222%,-0.7946%,0.7271%
1939-06-30,-7.9303%,-6.2131%,-0.6449%,-6.3236%,-0.8455%,-8.6361%,-4.9708%,-8.8367%,-3.3472%,-5.8238%,-1.8407%,-9.8913%,-5.5146%,-8.3848%,-7.0808%,-10.8054%,-0.7532%,-8.0704%,-3.4337%,-1.7429%
1939-07-31,-12.7835%,9.4604%,-0.8652%,6.1400%,6.7414%,-16.2029%,-5.2358%,-8.5963%,0.4128%,3.6677%,6.7334%,-15.5274%,-13.6868%,-9.2069%,3.9719%,13.8077%,10.6016%,-13.2481%,-7.1607%,-6.6184%
1939-08-31,-8.5994%,4.8574%,-0.3942%,2.7777%,7.0585%,-12.7615%,-8.5298%,-5.3088%,-1.0357%,1.7934%,6.6888%,-13.0930%,-7.3367%,-5.3685%,2.0364%,5.3207%,7.2149%,-11.0604%,-6.8264%,-5.8819%
1939-09-30,-31.4097%,9.1258%,2.2595%,1.2213%,8.3576%,-29.1056%,-36.4395%,-23.0075%,6.2983%,-5.2039%,4.8283%,-27.6535%,-37.4520%,-29.1235%,2.4938%,15.1528%,9.7308%,-30.3087%,-34.7054%,-23.0718%
1939-10-31,-1.8509%,2.4127%,3.3158%,-1.0341%,9.4312%,-0.8406%,-4.8643%,5.2749%,3.5360%,-1.2822%,2.3985%,0.2722%,-4.9595%,-0.8653%,3.8080%,2.4007%,1.0293%,-0.1251%,-2.5115%,-2.9038%
1939-11-30,6.1301%,9.7802%,8.9604%,8.6858%,8.1573%,3.2661%,2.9676%,2.4630%,6.6685%,8.2920%,7.2772%,6.1041%,5.5735%,6.7128%,11.2505%,11.7109%,6.3793%,4.2029%,0.6333%,-0.6682%
1939-12-31,-0.1189%,-0.2809%,-0.0967%,0.6724%,,,0.6577%,-0.2244%,-0.0081%,-0.6557%,-0.7865%,0.0083%,0.4050%,-0.7701%,0.5976%,-0.9142%,-0.5260%,0.6098%,1.1603%,-0.5139%
1940-01-31,-1.7764%,5.2897%,3.4699%,4.2616%,9.0049%,-2.1125%,-1.5338%,3.4225%,3.8209%,7.1018%,4.4454%,-3.1923%,0.4311%,-2.5678%,2.9873%,3.9411%,8.9406%,-4.0259%,-0.3313%,1.9274%
1940-02-29,-1.9194%,-0.7303%,-0.4911%,-0.3297%,-0.7320%,-1.4910%,-0.0872%,-1.7319%,-0.6760%,0.0856%,0.4966%,-2.8695%,-1.1918%,-1.6969%,-0.0611%,-0.9852%,-1.1446%,-0.9568%,-1.7387%,-2.0403%
1940-03-31,1.9558%,-1.6973%,-1.3715%,-1.0955%,-1.4143%,1.2564%,1.9279%,1.2135%,-0.5896%,-0.7153%,-1.4035%,2.1531%,2.3752%,1.3392%,-1.3355%,-2.1495%,-1.6068%,0.7892%,0.9046%,0.5179%
1940-04-30,2.8516%,1.8804%,2.2219%,-0.4473%,0.9155%,1.9853%,3.3944%,0.6789%,0.8185%,-0.1349%,-0.5441%,3.3708%,3.1759%,2.0083%,2.1839%,2.6792%,0.7780%,1.9764%,3.1417%,0.5705%
1940-05-31,-7.1474%,-7.4344%,-7.9516%,-5.9714%,-1.6755%,-8.3952%,-6.6582%,-2.1191%,-4.3097%,-7.4667%,-4.9591%,-6.2804%,-8.2321%,-6.9298%,-9.7999%,-7.6320%,-4.8712%,-6.1771%,-4.1831%,-1.2484%
1940-06-30,0.9815%,0.7480%,1.5568%,2.1782%,-2.3267%,1.5179%,2.6385%,-2.3656%,0.7683%,2.5488%,2.7882%,-0.5271%,1.9788%,1.4928%,1.3678%,0.2316%,0.6445%,1.1028%,2.8919%,0.3796%
1940-07-31,0.3519%,0.8832%,0.9773%,0.8921%,0.6898%,1.0312%,-0.4755%,0.7437%,1.4249%,0.7343%,0.2061%,1.0312%,0.2120%,-0.1877%,0.9065%,0.9667%,0.7766%,1.0312%,-0.6051%,0.9014%
1940-08-31,2.6631%,0.8409%,2.2626%,1.9387%,-2.0592%,5.2130%,0.7844%,0.8912%,1.9805%,1.6717%,-2.1520%,5.2565%,1.6089%,1.1240%,3.0987%,1.5236%,-1.9974%,5.3217%,0.5839%,0.2256%
1940-09-30,0.5396%,1.1842%,0.4576%,0.6491%,0.6288%,0.7250%,-0.8419%,0.8962%,0.5468%,1.1032%,0.3246%,0.5370%,0.6375%,0.3147%,1.3859%,2.0842%,0.0825%,0.6685%,-1.1008%,-0.6349%
1940-10-31,1.7952%,-6.2007%,-7.0779%,-0.5294%,-6.0646%,2.8400%,2.8811%,3.8533%,-7.9775%,-2.1799%,-6.0644%,1.6918%,0.0888%,3.6050%,-9.8488%,-2.3715%,-6.3820%,-1.4406%,-0.0249%,2.0261%
1940-11-30,1.3661%,0.0741%,-0.9453%,4.1663%,,0.3113%,1.8583%,,-0.3762%,3.2591%,0.1936%,1.4560%,0.6249%,2.0258%,0.2875%,0.0487%,-0.1463%,2.6735%,1.4815%,2.2397%
1940-12-31,-1.2628%,1.0903%,0.9969%,1.7557%,0.1845%,-0.8074%,-1.2033%,-1.6198%,1.4153%,1.2422%,0.3013%,-0.7567%,-1.1610%,-1.8708%,0.8731%,1.4970%,0.6193%,-1.2421%,-1.5470%,-1.4959%
1941-01-31,-0.7108%,0.1004%,,0.2669%,3.2857%,-3.5311%,-0.2478%,,1.2543%,-1.5929%,4.4088%,-2.9817%,0.6767%,0.1727%,-2.2180%,-0.4054%,2.9245%,-2.4480%,-0.2906%,2.6946%
1941-02-28,-1.0738%,0.1286%,-0.4401%,0.0972%,,-0.8844%,-2.0429%,,-0.8246%,0.3848%,-0.8010%,-1.3110%,-0.6961%,-1.2874%,0.3971%,-0.3969%,0.4928%,-0.0485%,-1.2844%,0.0472%
1941-03-31,0.3245%,-0.1668%,0.9949%,-0.7334%,-0.4850%,0.5252%,0.7962%,-0.9547%,0.6881%,-0.7334%,-0.3568%,0.5972%,0.1334%,-0.4477%,0.9893%,-0.7422%,-0.7474%,1.0391%,0.4931%,-0.6976%
1941-04-30,1.3534%,-1.0553%,-0.4612%,-0.7509%,-1.7643%,1.3186%,1.7544%,0.0156%,-0.3660%,-0.3142%,-0.8896%,0.8904%,1.8686%,0.3668%,-0.9020%,0.0825%,-2.3462%,1.8420%,0.7043%,0.3979%
1941-05-31,-0.3076%,-0.4234%,1.5745%,-1.5595%,-0.5524%,1.6089%,-2.4008%,-0.5180%,0.4237%,-1.8897%,-0.5537%,0.5072%,-2.4563%,-0.4702%,-0.0927%,-0.5800%,-0.5973%,-0.9912%,-2.4436%,-1.4958%
1941-06-30,-0.0059%,0.7191%,-0.2987%,,3.2930%,-1.3483%,0.7721%,2.2434%,-0.7802%,-0.6494%,2.7336%,-1.4843%,-0.5539%,2.0296%,-0.4004%,0.3576%,2.3603%,-1.2890%,0.2721%,1.4717%
1941-07-31,-3.2201%,3.6402%,-4.5700%,7.5853%,11.1199%,-11.7195%,-4.1591%,3.9704%,-4.2091%,4.8946%,10.4878%,-10.0923%,-4.2169%,4.6046%,-4.6900%,5.7657%,9.8447%,-11.2654%,-6.1612%,3.2693%
1941-08-31,-1.8650%,-0.1315%,0.1058%,1.2338%,-0.3396%,-1.8248%,-0.8407%,-2.2702%,-0.7250%,0.5204%,-0.4840%,-2.2051%,-1.0263%,-1.9642%,-0.4758%,0.5414%,-0.4601%,-1.8075%,-0.6569%,-1.7918%
1941-09-30,2.7457%,-1.0735%,0.8137%,-1.9966%,-3.3754%,4.7248%,3.1216%,0.5357%,0.9358%,-2.2462%,-3.3754%,4.8544%,2.6283%,0.5432%,0.4866%,-0.0319%,-3.3754%,4.4607%,2.0316%,0.5987%
1941-10-31,-1.3614%,-3.1112%,-4.9707%,,,-3.4201%,2.2032%,,-5.5538%,-2.7798%,-1.7095%,-3.8146%,-0.2597%,0.0297%,-5.3231%,-2.1900%,-1.8205%,-4.0558%,-0.9554%,-0.5532%
1941-11-30,2.9581%,-0.6450%,1.1938%,-0.1025%,-0.4804%,2.5771%,3.9755%,0.9028%,0.4834%,0.4192%,-0.7603%,3.5168%,2.8370%,2.2731%,0.6805%,0.7226%,-3.3380%,4.8132%,3.4619%,0.7947%
1941-12-31,3.0118%,-0.6414%,-3.9035%,3.2798%,-1.4741%,2.3448%,3.4383%,4.7742%,-4.5555%,3.5650%,-2.5343%,2.0221%,2.3249%,4.0432%,-3.2030%,1.7705%,-1.3962%,3.5501%,1.2847%,5.3569%
1942-01-31,-7.2892%,5.4936%,-10.6095%,6.6049%,10.8214%,-20.1656%,-9.1426%,1.2653%,-8.8829%,4.3962%,11.1328%,-18.4566%,-4.8908%,1.5591%,-0.2826%,5.8621%,10.8051%,-10.0411%,-8.0819%,1.0466%
1942-02-28,2.0792%,0.3977%,0.3065%,-1.1949%,-5.2688%,7.1694%,1.8804%,1.5941%,0.1425%,0.0173%,0.3411%,2.1433%,1.8287%,2.3419%,-0.0267%,0.7937%,0.6250%,1.8354%,0.8434%,2.4871%
1942-03-31,1.3600%,0.6322%,2.5032%,-0.0463%,-1.5801%,4.1087%,0.0967%,0.0253%,2.8429%,-0.7084%,-0.5362%,3.8613%,-0.0929%,0.4823%,2.6821%,0.4942%,-1.2601%,3.9700%,-0.2634%,0.0277%
1942-04-30,-0.9767%,-0.2188%,0.9859%,-0.0373%,-0.4983%,-0.1380%,-1.7172%,-1.6223%,-0.0694%,0.1710%,0.0536%,-0.5574%,-1.7711%,-0.4344%,-0.2585%,-0.1305%,-0.3608%,-0.2010%,-1.4747%,-0.3033%
1942-05-31,1.4439%,-5.3546%,-4.4830%,-6.1838%,-4.9502%,1.4988%,0.3491%,1.0316%,-3.3382%,-6.1838%,-4.4628%,1.5815%,2.3129%,0.4570%,-6.0727%,-5.1782%,-5.0436%,0.9476%,0.3491%,1.9767%
1942-06-30,1.1035%,0.1298%,1.7381%,0.8701%,1.2834%,2.6525%,0.6615%,2.1977%,-0.0427%,0.4722%,0.1010%,1.0619%,1.0075%,1.2057%,0.1580%,-0.3140%,0.6860%,1.0470%,1.1595%,1.5750%
1942-07-31,-0.8112%,1.3088%,-0.8938%,3.2862%,2.6521%,-3.8082%,0.2175%,-0.2623%,-0.6008%,0.5360%,1.2485%,-2.0696%,-0.1468%,-0.2203%,-0.9518%,1.1244%,3.6886%,-4.4000%,0.0580%,0.2404%
1942-08-31,0.7974%,0.3785%,0.1959%,-0.3486%,0.0994%,0.8159%,0.2932%,0.7194%,0.2856%,0.1867%,-0.5385%,1.0217%,1.0911%,0.1975%,0.5352%,0.6919%,-0.1515%,1.2230%,0.3075%,0.5363%
1942-09-30,1.8623%,1.5475%,1.4242%,1.3896%,1.7287%,1.2662%,1.6570%,1.5708%,1.8510%,1.7623%,0.9636%,2.4851%,1.5370%,1.5977%,1.1210%,1.0837%,2.3984%,1.0391%,1.0934%,2.3165%
1942-10-31,5.6565%,5.1597%,3.0435%,2.2254%,,,1.9541%,4.8668%,4.1617%,2.2254%,1.3761%,7.5874%,4.7951%,4.8018%,4.8876%,4.8247%,5.6926%,4.6449%,1.8198%,5.4499%
1942-11-30,-3.7109%,-3.1372%,-5.5521%,-0.0574%,-0.8296%,-4.6997%,-0.3642%,0.0228%,-4.1238%,1.0323%,-3.1131%,-4.3126%,-3.5412%,-3.3019%,-3.7108%,-3.5167%,-2.1978%,-4.8683%,-0.1800%,-3.3553%
1942-12-31,-1.0866%,-0.4517%,-2.3961%,,0.9801%,-2.7276%,-0.5659%,0.6487%,-2.1246%,1.0350%,0.5369%,-2.6289%,-0.6636%,0.0326%,-3.0684%,1.7044%,-0.1633%,-2.3415%,-0.2199%,0.5636%
1943-01-31,0.4281%,8.5629%,11.3408%,9.5347%,5.7150%,3.6937%,0.6659%,-1.9321%,10.1475%,9.5347%,6.7219%,2.3328%,0.1624%,-1.0928%,11.4223%,9.6042%,4.4785%,3.6076%,0.4170%,-3.3363%
1943-02-28,5.9635%,0.3805%,-3.8795%,-0.8237%,-6.2875%,9.8700%,7.1428%,7.4620%,-3.2651%,-0.6480%,-2.2561%,4.8535%,7.0941%,5.8625%,0.8675%,-0.1300%,-0.0176%,5.0790%,8.9512%,4.1940%
1943-03-31,9.7210%,-4.5939%,-3.4108%,-4.1606%,-2.4629%,8.4751%,10.6398%,9.4229%,-2.7567%,-3.1124%,-2.5686%,9.2831%,10.0773%,9.4712%,-2.5648%,-7.4858%,-3.6002%,8.1469%,13.6083%,7.1115%
1943-04-30,5.5456%,0.3708%,3.9488%,0.0102%,-0.5055%,7.1395%,7.3145%,2.6852%,4.8028%,0.2866%,0.3436%,6.8273%,7.4140%,2.3682%,3.7589%,-0.4706%,-2.0844%,7.4108%,7.2662%,1.5675%
1943-05-31,3.8440%,1.8795%,2.8510%,0.4600%,-1.1695%,6.0817%,2.3957%,2.0612%,1.5643%,0.7291%,-0.5035%,5.1729%,3.3421%,3.1051%,2.3903%,2.0466%,1.4779%,3.9191%,3.0001%,3.0067%
1943-06-30,-2.1497%,-1.6337%,-0.8079%,-0.2781%,-0.9418%,-2.1422%,-1.1242%,-2.2761%,-2.5018%,0.0354%,-0.6633%,-3.1578%,-1.9960%,-1.3193%,-1.9829%,-1.3033%,-1.6165%,-2.6386%,-1.5128%,-2.2723%
1943-07-31,6.1807%,-4.8638%,2.7675%,-3.4141%,-2.8957%,10.4661%,2.5123%,4.8029%,-0.6924%,-2.5113%,-4.2433%,7.5605%,6.7861%,4.0095%,-5.3396%,-6.8964%,-2.2976%,1.2064%,2.0415%,4.2484%
1943-08-31,-0.9188%,0.4938%,-0.4882%,1.4981%,,-0.9968%,-1.5741%,,-2.1392%,0.1550%,-0.8373%,-1.1780%,-1.6735%,0.1239%,-0.3921%,1.3259%,0.4860%,0.3785%,-1.4289%,1.2566%
1943-09-30,-0.3991%,1.5469%,1.8946%,0.7781%,1.7250%,0.0947%,-0.4267%,-0.0748%,1.7153%,1.2051%,1.7250%,-0.2998%,-0.5747%,-0.2901%,2.0964%,0.9061%,1.7250%,0.2754%,-0.4082%,-0.0960%
1943-10-31,0.1602%,0.4592%,0.3766%,-0.1813%,1.9737%,-1.3982%,0.0166%,0.1989%,0.2402%,-0.0744%,-0.0269%,0.3687%,0.0302%,0.1016%,0.6346%,0.7357%,-0.0140%,0.4324%,-0.7432%,-0.2161%
1943-11-30,0.4909%,-6.3489%,-6.8490%,-6.9430%,-4.5147%,-0.9918%,0.1363%,1.3424%,-6.2927%,-7.2816%,-4.1606%,-1.2809%,1.7953%,0.8511%,-6.0033%,-7.2069%,-6.0205%,-0.2334%,0.3354%,-0.2506%
1943-12-31,-8.3396%,7.9613%,,1.4109%,5.8090%,,-4.6981%,-3.6423%,1.6696%,1.8002%,4.6956%,-8.8249%,-10.2755%,-5.7989%,8.0171%,9.1526%,6.5961%,-3.3020%,-4.2527%,-4.7231%
1944-01-31,2.5388%,2.8842%,3.3806%,0.9017%,,,-0.1647%,0.2368%,2.8653%,0.9221%,2.4195%,2.9091%,2.4501%,2.4633%,3.3007%,3.4500%,1.9209%,1.9406%,-0.4488%,0.5608%
1944-02-29,1.5298%,0.5066%,-0.1771%,0.7471%,-0.1904%,1.6349%,1.9347%,1.6215%,-0.0148%,0.4349%,0.5557%,1.6880%,0.7072%,2.2585%,0.4185%,0.1733%,0.9655%,1.3543%,1.7477%,1.9014%
1944-03-31,2.4767%,2.5662%,1.3642%,2.6035%,1.6974%,3.2275%,0.1474%,3.5607%,2.5000%,2.6839%,2.2376%,3.1076%,1.2194%,2.8452%,2.1350%,3.2127%,2.2491%,2.6413%,0.2204%,2.7554%
1944-04-30,-2.2113%,-0.8785%,-1.1739%,0.2247%,0.0864%,-2.9712%,-1.5241%,-1.7109%,-1.1954%,0.5204%,-0.3098%,-2.5502%,-2.4035%,-1.6646%,-1.7033%,-0.8292%,-0.0169%,-2.9768%,-1.9572%,-1.2903%
1944-05-31,-2.4282%,-1.9678%,0.7287%,-0.7357%,-3.3634%,0.0207%,-2.7325%,-4.0714%,-0.4596%,-0.3771%,-2.3113%,-1.1106%,-2.9898%,-2.9623%,-1.2218%,-1.6808%,-3.0457%,-0.2656%,-2.5572%,-2.0896%
1944-06-30,4.2588%,-4.2988%,-4.2791%,-1.6599%,-1.0665%,1.9827%,-1.0895%,5.1953%,-4.8873%,-1.2008%,-0.9753%,2.0029%,4.9695%,5.9149%,-7.1297%,-2.8907%,-2.6274%,1.3497%,-0.0491%,5.8519%
1944-07-31,-0.6874%,2.3396%,2.2385%,3.2334%,1.8395%,-0.4799%,-0.0095%,-0.8788%,2.0839%,3.1688%,1.7042%,-0.6659%,-0.4792%,-1.0456%,2.6421%,2.7496%,1.5109%,-0.1076%,0.0157%,-1.2389%
1944-08-31,-1.2759%,1.5820%,0.3458%,2.3554%,2.2055%,-2.5847%,-0.2986%,-0.7251%,0.3458%,2.0410%,2.1171%,-2.4964%,-0.5899%,-0.7251%,0.3458%,2.2529%,2.2255%,-2.6047%,-0.2986%,-0.7251%
1944-09-30,-0.5181%,0.0286%,,-0.0414%,0.9069%,-1.4166%,-0.0891%,,-0.4708%,-0.0982%,0.2588%,-0.7733%,-0.7837%,-0.0437%,0.2495%,-0.0542%,-0.0971%,-0.4980%,-0.3126%,-0.8446%
1944-10-31,1.9474%,-1.7619%,-3.3938%,-1.1164%,-1.1213%,-0.5789%,2.0155%,1.6937%,0.1633%,-1.8222%,-0.9945%,2.7079%,1.5570%,1.5501%,-3.7731%,-0.1654%,-1.4678%,-0.2254%,2.5296%,2.0799%
1944-11-30,-1.3332%,2.0923%,1.1646%,2.2468%,2.1163%,-1.5509%,0.8623%,-0.5992%,1.2402%,1.1411%,2.4414%,-1.8323%,-1.4010%,-0.6311%,2.1408%,2.1425%,2.0121%,-0.6169%,-0.0519%,-0.7456%
1944-12-31,8.9738%,8.7796%,,1.9184%,5.5921%,5.0196%,5.0492%,,2.1299%,1.3932%,6.1270%,7.0848%,8.6603%,11.0819%,7.5254%,11.1280%,7.3341%,3.2187%,2.4498%,3.0275%
1945-01-31,2.3986%,2.6869%,1.1852%,2.2572%,,,0.8779%,1.8140%,1.6575%,1.7669%,3.1149%,2.2378%,1.4277%,3.6952%,1.7292%,3.5787%,2.6224%,-0.2349%,-0.3031%,0.6582%
1945-02-28,2.8840%,4.3865%,6.6225%,3.2469%,-0.0477%,6.1426%,-1.9467%,-0.5276%,6.3036%,3.2469%,3.2944%,5.1307%,1.5487%,2.1216%,4.0815%,5.0921%,4.0678%,2.7183%,-2.3160%,2.7046%
1945-03-31,-4.9450%,-3.9385%,,0.2932%,-0.7892%,-4.9469%,-2.6118%,,-1.9343%,0.3878%,-2.1119%,-4.3226%,-5.8993%,-4.5002%,-2.4562%,-4.6913%,-4.5336%,-2.2119%,-2.3283%,-4.2893%
1945-04-30,-5.4832%,3.3401%,1.8602%,-0.9933%,8.9028%,-4.2030%,-6.1876%,2.8396%,-0.7992%,-0.9793%,4.1165%,-8.0872%,-5.1840%,-3.1715%,2.0761%,2.7615%,5.2929%,-5.6416%,-6.9305%,-2.4248%
1945-05-31,0.6736%,0.8491%,0.2213%,0.0335%,0.9496%,0.9287%,-0.5771%,1.6570%,0.4600%,0.9535%,0.9496%,0.8804%,-0.0648%,1.3700%,0.1597%,1.3399%,0.9496%,0.6131%,-0.7361%,1.4030%
1945-06-30,2.9755%,3.7004%,4.9030%,2.9142%,-0.8807%,8.4947%,-2.0285%,2.7110%,5.3823%,4.3193%,2.7508%,5.8644%,-0.0807%,3.2330%,5.0267%,4.6190%,1.3256%,6.3708%,-2.0865%,2.6697%
1945-07-31,-5.3540%,-4.7354%,-5.7608%,-1.8998%,,,-5.2002%,0.0359%,-3.3777%,-0.8750%,1.7918%,-7.2858%,-6.6018%,-2.1164%,-4.7161%,-4.9750%,-4.6490%,-2.2579%,-2.7174%,-2.1908%
1945-08-31,0.3447%,0.0583%,,1.5296%,,,0.9378%,,-0.1491%,-1.2819%,1.2238%,-0.0542%,-0.1241%,1.3188%,-1.4316%,0.1008%,1.4861%,-1.4601%,-0.0228%,1.4576%
1945-09-30,-0.0120%,3.2802%,3.6357%,4.1270%,2.2413%,0.5236%,0.7282%,-0.8707%,3.6497%,3.5342%,2.4149%,0.2849%,0.5001%,-0.9498%,3.4876%,3.9474%,2.3094%,0.4500%,-0.5850%,-0.7282%
1945-10-31,3.8999%,4.0907%,3.0830%,3.9699%,,,3.9377%,1.2486%,-0.2583%,4.6481%,1.2099%,3.1182%,4.1034%,4.5864%,3.3521%,4.3523%,4.3990%,-0.2912%,2.6486%,0.7556%
1945-11-30,6.4247%,8.4184%,3.3547%,8.9559%,,,0.3526%,6.2108%,4.7743%,7.7982%,7.3572%,5.0792%,6.5752%,7.6620%,7.9534%,8.5426%,8.6173%,1.4084%,0.0417%,2.0722%
1945-12-31,2.6414%,2.5253%,,-0.2704%,,,0.4767%,,1.1308%,-0.3203%,1.2142%,2.8810%,2.2032%,2.9643%,3.0759%,2.3983%,2.3817%,2.3201%,0.6427%,1.6259%
1946-01-31,4.3448%,5.8417%,3.7715%,,5.2150%,1.0338%,,2.4773%,3.5164%,3.6706%,4.2900%,3.2150%,5.5399%,3.9887%,4.1752%,7.0089%,6.1781%,-0.4012%,0.1024%,1.6017%
1946-02-28,-2.8032%,-2.3092%,,-0.7235%,-0.0781%,-3.0372%,-0.2087%,,-0.8213%,-0.5512%,-0.9800%,-2.6324%,-2.9555%,-2.7911%,-2.1985%,-2.0595%,-2.3940%,-2.6452%,-1.7623%,-2.8407%
1946-03-31,-0.7390%,-1.5176%,-0.7443%,-2.4218%,-1.8851%,0.4060%,-2.9771%,-0.7348%,-2.2753%,-1.7204%,-1.9805%,-0.4374%,-0.8134%,-0.1426%,-0.5106%,-1.1473%,-2.8650%,1.0031%,-2.8935%,-1.3513%
1946-04-30,2.8550%,-0.3527%,-1.0828%,-1.3088%,-0.2610%,2.7731%,2.6727%,3.5949%,-0.9760%,-0.9326%,-0.5747%,2.6324%,3.1919%,3.0337%,0.0666%,-0.6291%,-0.5574%,3.8322%,2.7588%,3.2081%
1946-05-31,-0.5009%,2.5295%,1.7800%,2.2056%,3.1945%,-1.6919%,0.9731%,-0.2774%,1.5556%,2.3643%,3.4779%,-1.8545%,-0.5921%,0.0678%,1.5839%,2.7780%,3.2624%,-1.7507%,0.8578%,-0.0721%
1946-06-30,-2.0626%,-2.7508%,-1.0601%,-3.7985%,,,-1.5478%,-1.4073%,-0.5091%,-3.6329%,-0.9425%,-1.8123%,-2.1716%,-2.2456%,-3.5046%,-2.1856%,-2.5730%,-0.3291%,-1.3271%,0.6025%
1946-07-31,3.0733%,-2.2213%,-0.1735%,0.4300%,,3.4208%,1.8329%,,-1.4528%,0.2369%,-0.4617%,2.3457%,3.4602%,3.3368%,-1.2218%,-3.3601%,-2.0300%,2.6529%,2.6216%,1.8447%
1946-08-31,2.1525%,-2.0430%,0.5599%,-0.9916%,-2.1250%,3.4809%,0.2428%,0.7961%,-0.8239%,-0.2131%,-1.8570%,3.3337%,0.9067%,2.3007%,-1.8752%,-1.7444%,-2.3257%,2.1379%,0.2761%,1.6875%
1946-09-30,6.3067%,-7.0840%,-4.9984%,-5.6178%,-6.3423%,5.4016%,3.0912%,4.0577%,-4.7443%,-5.3614%,-5.6596%,6.9511%,5.2343%,6.0358%,-8.3569%,-6.2717%,-6.8463%,3.0168%,2.2594%,4.5274%
1946-10-31,-0.6617%,0.3722%,,0.0748%,,,-1.0125%,,0.0792%,0.7729%,-0.7590%,-0.1606%,-0.4287%,-0.9987%,-0.0929%,0.3518%,0.8231%,-0.5815%,-1.4737%,0.3344%
1946-11-30,-0.9840%,-1.0144%,0.3326%,-1.7021%,-1.4641%,0.5580%,-0.4788%,-1.2387%,-0.2674%,-1.7724%,-0.0772%,-0.5119%,-0.8251%,-0.3217%,-1.0192%,-1.9549%,-0.0101%,-0.4191%,0.1064%,0.5900%
1946-12-31,-0.8793%,0.5178%,1.2157%,-0.0862%,0.2578%,0.1337%,-1.9186%,-0.8242%,1.7306%,0.1044%,-0.0659%,0.5523%,-1.5587%,-1.2442%,1.1234%,0.1301%,0.3529%,0.2330%,-1.2079%,-0.5375%
1947-01-31,-2.0317%,0.1259%,-0.0351%,3.4201%,-2.1634%,-0.2085%,-5.4220%,-2.3368%,0.3976%,1.5109%,-2.1866%,0.4344%,-3.9886%,-2.1497%,0.4989%,1.4155%,-1.7945%,-0.7325%,-4.0365%,-3.0260%
1947-02-28,0.6214%,0.1581%,1.1781%,-0.2119%,-0.5533%,1.1577%,0.8012%,-0.5737%,0.8314%,-0.1077%,-0.1541%,1.0239%,0.7717%,0.0385%,1.2719%,-0.3662%,-0.3266%,1.1099%,0.7752%,-0.4886%
1947-03-31,-1.6690%,0.6174%,-2.2468%,1.7059%,0.4031%,-0.8029%,-3.0963%,1.8469%,1.2556%,1.9396%,0.9604%,-0.8029%,-2.8665%,-1.0981%,0.2897%,1.3172%,0.1843%,-0.8029%,-2.7771%,-0.9083%
1947-04-30,6.2762%,4.4054%,0.8913%,3.7962%,1.8274%,6.4679%,5.7699%,7.4041%,2.2419%,3.1443%,2.0879%,7.0336%,5.1422%,6.8796%,5.4769%,5.2238%,2.3518%,6.4155%,2.2533%,3.2904%
1947-05-31,5.5941%,3.0405%,0.5148%,-0.0772%,0.4479%,6.4941%,3.9641%,6.4273%,2.6282%,-0.3089%,0.2128%,6.8837%,5.4575%,4.4684%,4.9372%,3.7280%,0.3188%,6.9717%,2.5550%,2.3533%
1947-06-30,-0.4898%,-0.9671%,-0.0716%,-2.6757%,-0.1189%,-0.5349%,0.0743%,-0.5822%,-0.2967%,-2.4350%,-0.3364%,-0.6696%,-0.1572%,-0.7092%,-1.5382%,-1.4235%,0.1516%,-0.6696%,0.0902%,1.0203%
1947-07-31,3.1623%,-3.9451%,-0.9185%,-4.2048%,-3.8054%,4.3314%,2.6181%,1.4444%,-1.0227%,-5.9642%,-2.6017%,4.4865%,2.2712%,2.9075%,-2.6432%,-5.3987%,-3.5027%,2.2203%,3.6375%,1.3608%
1947-08-31,-1.1642%,0.5611%,-0.8078%,0.6892%,0.7989%,-2.2066%,-0.5122%,-0.5999%,-0.7494%,0.3277%,0.5376%,-2.1938%,-0.5206%,-0.9068%,-0.9334%,1.1569%,1.3406%,-2.4006%,-0.7187%,-0.1266%
1947-09-30,-0.4678%,-1.2769%,-0.9756%,-2.2031%,-0.6976%,-0.7927%,0.4946%,-0.5148%,-1.3319%,-2.4699%,-0.7742%,-1.2693%,0.3110%,-0.7116%,-1.0565%,-1.9341%,-0.7084%,-0.7399%,0.4829%,-0.3917%
1947-10-31,0.9952%,-0.6619%,-1.2642%,-0.1416%,-0.2557%,0.2653%,1.0051%,1.2738%,-0.9422%,-0.2305%,-0.2445%,0.8980%,0.5758%,1.5956%,-1.1894%,-0.6959%,-0.0937%,0.0825%,1.1080%,1.1782%
1947-11-30,-0.2019%,1.2362%,1.6268%,2.7030%,-0.0468%,1.2446%,-0.2441%,-0.4290%,1.1001%,2.5988%,0.3578%,0.1525%,-0.1738%,-0.5898%,1.8697%,1.8597%,-0.1455%,2.0911%,-0.0813%,0.0758%
1947-12-31,1.6141%,0.5813%,0.7066%,-0.5890%,-2.2357%,3.7274%,0.6243%,0.7851%,2.9087%,0.4241%,-1.2460%,3.9158%,1.2403%,-0.2389%,0.9373%,0.8072%,-0.0459%,2.2805%,0.9844%,1.2972%
1948-01-31,-3.2834%,-1.8529%,-3.6238%,-1.1956%,-1.9953%,-4.5241%,-2.7297%,-2.8956%,-3.0163%,-1.0641%,0.6073%,-5.5958%,-2.3613%,-1.9722%,-3.5760%,-1.8470%,-0.1368%,-4.3779%,-4.5219%,-0.9387%
1948-02-29,-1.7253%,2.6767%,0.5398%,3.4604%,2.5099%,-2.2795%,-0.9400%,-0.3095%,0.5225%,3.4753%,2.4860%,-3.3027%,-0.7326%,-1.3391%,1.4330%,3.2097%,3.2808%,-1.3793%,-0.5801%,0.4685%
1948-03-31,-5.5051%,-3.9137%,-6.9179%,1.4290%,,,-7.2955%,1.4127%,-1.6908%,1.7748%,-0.2966%,-6.5241%,-5.1996%,-5.1300%,-2.2520%,-4.3901%,-5.1583%,-1.8044%,-6.9988%,-4.7106%
1948-04-30,0.4913%,0.9004%,,2.3180%,1.3694%,,-0.1797%,1.6038%,0.1243%,3.0406%,1.7200%,-1.1658%,1.9232%,0.4299%,0.3702%,0.8956%,1.4365%,0.5987%,1.7952%,1.6650%
1948-05-31,0.7635%,1.6255%,3.5123%,0.8950%,1.3862%,1.0037%,0.0137%,-1.1224%,3.9509%,1.2446%,-0.1139%,2.3704%,1.4725%,-1.6943%,1.8288%,0.1645%,3.1756%,-0.7028%,-0.6683%,0.6441%
1948-06-30,-0.1879%,-1.7858%,-1.9494%,-1.8260%,-1.0934%,-0.5587%,1.7539%,0.2974%,-2.0922%,-0.8311%,-1.1995%,-0.6728%,-0.3323%,0.2199%,-2.0163%,-2.1390%,-1.1316%,-0.4234%,0.1843%,0.4613%
1948-07-31,0.2744%,-1.5284%,0.7727%,0.2126%,-4.6724%,2.8449%,0.1257%,-2.6002%,0.2768%,-0.7628%,-4.7237%,2.5229%,0.6938%,-2.4775%,1.0855%,-1.0049%,-4.7704%,3.3380%,-0.3300%,-2.5179%
1948-08-31,0.1204%,0.2776%,-0.1451%,0.2338%,1.0821%,-0.1352%,-0.2148%,1.0920%,0.2360%,0.6233%,0.7650%,-0.1848%,0.1882%,0.3442%,-0.0878%,-0.1983%,1.2141%,-0.5086%,-0.0912%,0.7933%
1948-09-30,1.6028%,0.0408%,1.0194%,-1.8955%,-0.3477%,1.6250%,2.1471%,0.2579%,0.4736%,-3.0173%,-1.0841%,2.4283%,1.5249%,0.8706%,1.6067%,-0.9030%,-0.3924%,2.0274%,1.3095%,0.0283%
1948-10-31,-1.4568%,2.1568%,-0.9192%,3.0828%,0.0552%,-3.1787%,0.2150%,-2.2043%,0.8288%,3.0828%,1.3288%,-1.4131%,-1.9464%,-0.9131%,3.5389%,1.2112%,1.9093%,0.0401%,-0.2372%,-1.5895%
1948-11-30,-2.4860%,-3.4603%,-2.5301%,-4.3155%,-1.8691%,-1.9558%,-2.3779%,-1.2948%,-2.9257%,-2.4913%,-3.1738%,-2.7217%,-1.8868%,-2.9698%,-2.5844%,-3.8824%,-3.8297%,-0.1122%,-1.7213%,-1.3574%
1948-12-31,-0.1676%,1.5757%,,1.5698%,1.5802%,,2.2590%,-0.0069%,1.5021%,1.5698%,2.0244%,0.6333%,-1.9377%,1.1556%,1.2149%,2.2831%,1.0877%,0.3340%,1.8938%,0.2067%
1949-01-31,-2.1353%,-1.6061%,-1.8381%,-0.2129%,-1.6769%,-1.1728%,-2.7050%,-1.0115%,-1.4074%,-0.1051%,-1.6505%,-1.6740%,-2.6132%,-1.9170%,-1.2640%,-0.7440%,-2.9826%,-1.6069%,-2.9359%,-3.3255%
1949-02-28,0.6360%,-2.0202%,-0.8086%,-1.3640%,-1.9853%,1.8684%,-2.7525%,0.6917%,-2.2659%,-1.0195%,-2.7363%,0.8952%,0.5961%,0.4248%,-2.0637%,-2.1342%,-1.8399%,0.6634%,-1.5375%,0.8873%
1949-03-31,-2.8448%,1.0437%,-0.6120%,-1.4331%,,-3.2304%,-3.5468%,,-1.4363%,-1.4919%,0.4292%,-3.4610%,-3.3725%,-1.5954%,-0.2293%,1.8028%,1.4059%,-3.0496%,-3.3222%,-1.4144%
1949-04-30,-2.3012%,1.1726%,-1.2275%,0.6612%,0.5160%,-3.3896%,-1.9645%,-1.6460%,-0.7133%,0.5860%,0.2660%,-2.8102%,-2.2689%,-1.8309%,0.9445%,0.8453%,1.9242%,-2.0330%,-2.1258%,-1.0534%
1949-05-31,3.6418%,1.1852%,1.0783%,0.7662%,0.0688%,3.9279%,3.4804%,2.9184%,0.8859%,0.9697%,-0.4836%,3.8358%,4.5658%,2.4663%,1.4933%,1.0274%,1.0665%,3.4326%,3.8336%,3.0058%
1949-06-30,0.8747%,0.5832%,0.7758%,-0.4476%,0.4653%,0.8059%,0.3093%,0.4954%,0.9114%,-0.4482%,0.8670%,1.0416%,0.6336%,0.9972%,0.1646%,0.7634%,0.9332%,0.4901%,0.2161%,1.2588%
1949-07-31,-0.0337%,-1.0627%,-0.3691%,-0.2611%,-3.1581%,1.5753%,0.9931%,-1.2136%,-1.3279%,0.3632%,-3.5799%,0.8250%,0.4117%,-1.4270%,-1.6541%,0.6321%,-2.3975%,-0.0475%,0.7093%,-0.7909%
1949-08-31,-0.1808%,-0.3278%,-0.4825%,-0.4636%,-0.3528%,-0.3766%,-0.2086%,-0.2470%,-0.2399%,-0.2664%,-0.3996%,-0.3213%,0.1864%,-0.4810%,0.0634%,-0.8385%,-0.1061%,-0.1788%,-0.3863%,-0.3482%
1949-09-30,0.3875%,-2.0999%,-0.9248%,-3.0934%,-1.8049%,0.6166%,0.4289%,-0.2635%,-1.3356%,-2.5256%,-1.8603%,0.3866%,0.8263%,-0.1381%,-1.2152%,-3.2651%,-1.8049%,-0.0574%,0.4938%,-0.6471%
1949-10-31,0.3791%,-0.1878%,-1.4550%,0.5179%,0.5307%,-0.7552%,0.2964%,1.2304%,-0.3068%,0.4319%,-0.8604%,0.9120%,-0.0478%,0.3584%,-0.7181%,-0.5012%,0.7186%,-0.0816%,-0.4193%,1.3551%
1949-11-30,0.3325%,-0.1585%,-0.2203%,-0.5394%,0.1821%,-0.1409%,0.7546%,0.2615%,0.1003%,-0.3460%,-0.7976%,0.8242%,0.2613%,-0.0736%,0.0235%,-0.6042%,0.1943%,-0.2301%,1.0016%,-0.0593%
1949-12-31,-1.0761%,-1.7971%,-0.0039%,-2.7399%,-1.7293%,-0.3912%,-0.9227%,-2.1166%,-0.9973%,-1.2409%,-1.5634%,-0.8051%,-1.4169%,-1.3712%,-1.9372%,-1.5608%,-1.9407%,-0.6352%,-0.5614%,-0.6386%
1950-01-31,2.9250%,-0.9299%,-1.3558%,-0.0049%,0.3406%,1.6477%,2.6344%,3.3441%,-1.8971%,0.1004%,1.4098%,0.8353%,3.6521%,4.1422%,-1.4851%,-1.0434%,-0.2385%,2.4618%,2.2290%,3.7083%
1950-02-28,-0.5061%,-0.2914%,-0.9579%,-0.8588%,0.3145%,-1.3555%,-0.4575%,-0.0831%,-0.7832%,-1.1391%,0.2103%,-1.0245%,-0.4698%,-0.0310%,-1.4574%,0.0193%,0.5016%,-1.8621%,-0.3723%,0.0969%
1950-03-31,0.0937%,0.1360%,-0.5378%,0.6169%,0.0181%,-0.7812%,1.3728%,-0.2253%,-0.0518%,0.3316%,0.4298%,-0.2318%,0.2201%,0.2497%,-0.5049%,0.4883%,0.3540%,-0.3651%,1.1156%,0.4938%
1950-04-30,-0.7014%,-3.7813%,-5.4895%,-1.6738%,-3.3340%,-3.0414%,2.5324%,-0.8859%,-5.1924%,-1.1882%,-4.1231%,-2.3263%,1.1157%,-1.2570%,-5.2969%,-1.9531%,-3.7998%,-2.3830%,2.5324%,-0.8859%
1950-05-31,-0.3682%,0.1474%,0.4046%,-0.5162%,-0.1300%,0.5841%,-1.0911%,0.0495%,1.4441%,-0.1796%,-0.1300%,1.0909%,-1.4884%,-0.4832%,0.7465%,-0.1205%,-0.1300%,0.7590%,-0.8021%,-0.1175%
1950-06-30,2.8067%,-1.2716%,-0.6939%,-3.0764%,0.7014%,2.3867%,2.6483%,3.7820%,-0.0926%,-2.2431%,-0.0839%,2.6967%,2.9828%,2.7055%,-0.4768%,-2.5647%,-0.5146%,2.5453%,2.2125%,2.5075%
1950-07-31,-4.0763%,5.1517%,2.8671%,0.2291%,10.0036%,-3.9679%,-1.5186%,3.1686%,4.5341%,0.0966%,7.9645%,-6.7534%,-2.4731%,-3.3230%,4.7906%,5.1299%,5.5390%,-3.5153%,-1.2844%,-2.7669%
1950-08-31,0.2193%,2.0266%,,4.7489%,1.0119%,0.1101%,-1.7100%,,0.4475%,3.2498%,0.5516%,-0.1445%,0.7389%,-0.0404%,2.5818%,1.3959%,2.2283%,-1.0231%,-1.5195%,-1.3766%
1950-09-30,1.3594%,2.2275%,2.6727%,2.1882%,1.6626%,0.5545%,2.0472%,-0.4557%,2.9960%,1.7195%,1.0425%,2.1433%,1.6807%,0.1898%,3.1263%,1.3372%,2.3972%,1.0754%,1.5268%,0.3463%
1950-10-31,-0.6134%,0.1333%,1.3247%,-0.7656%,0.5760%,-0.3608%,-1.6677%,-1.1095%,1.4544%,-0.6947%,0.8440%,-0.1385%,-1.0216%,-0.7490%,1.8780%,-1.3950%,0.2225%,0.6903%,-1.6881%,-0.9652%
1950-11-30,1.8885%,0.6803%,-0.6707%,-0.0645%,2.6086%,0.7238%,1.0072%,4.0030%,-0.0751%,-0.7877%,2.4677%,1.4317%,0.2820%,3.9745%,-1.3185%,0.5877%,2.1375%,1.2370%,0.8907%,4.6930%
1950-12-31,1.4439%,4.7068%,5.1792%,3.1024%,5.3483%,1.8761%,0.2297%,2.0453%,6.7485%,4.6970%,5.1785%,3.6153%,-1.1292%,2.0453%,5.7916%,2.1993%,6.6310%,0.8673%,-0.9167%,1.7068%
1951-01-31,2.4814%,3.1228%,3.5121%,2.8660%,0.0947%,6.0478%,3.8853%,2.6304%,2.5348%,3.1502%,-0.3750%,6.5757%,3.1625%,3.6658%,3.6672%,4.8686%,0.4836%,5.9133%,4.2997%,2.7296%
1951-02-28,-0.7499%,-1.5143%,-3.0380%,-1.1009%,-0.9927%,-0.6147%,-1.0272%,1.4306%,-0.4913%,-1.6732%,-1.9356%,-0.4968%,-0.1170%,-1.9411%,-1.4764%,-2.6299%,-0.2135%,-0.8360%,-2.0174%,0.4268%
1951-03-31,0.6859%,-1.4242%,-1.5056%,0.4734%,-1.4270%,1.9360%,1.6763%,2.0147%,-1.9371%,-0.8001%,-1.4270%,2.1296%,2.3230%,2.6397%,-2.4362%,-0.9813%,-0.9435%,1.7380%,1.6595%,3.2307%
1951-04-30,-3.1339%,4.9220%,4.3610%,3.1727%,2.8170%,-3.0839%,1.3765%,-4.6280%,6.0399%,3.3134%,3.1843%,-2.2590%,-4.6961%,-5.1146%,6.7077%,5.7195%,2.1793%,-0.3568%,0.6713%,-4.8852%
1951-05-31,-1.6483%,-1.0106%,-0.6407%,0.0344%,0.8863%,-3.0729%,-1.2460%,-1.5459%,-1.4202%,0.0344%,-0.1907%,-2.5425%,-1.6936%,-1.3130%,-1.0281%,-0.8234%,-1.2179%,-2.1092%,-1.4944%,-2.2989%
1951-06-30,3.8332%,-2.3157%,-3.0077%,-0.8908%,-1.8988%,1.4577%,3.7737%,2.5667%,-3.1792%,-1.1164%,-1.6322%,3.0609%,3.2479%,4.6079%,-1.8067%,-2.1743%,-2.9944%,3.4165%,2.9323%,2.2288%
1951-07-31,-0.9599%,5.4785%,,5.5275%,5.2246%,,-1.7143%,1.5662%,-1.6164%,6.8736%,4.5884%,-6.1627%,-2.9707%,0.0421%,2.1210%,6.6689%,7.4076%,-1.2054%,-0.6886%,4.0813%
1951-08-31,0.1619%,1.0398%,,1.6568%,,,-3.0395%,,3.1332%,1.1137%,1.0483%,0.4647%,0.3203%,-1.6201%,3.2940%,0.4509%,-0.5077%,2.1501%,-2.5103%,-1.6516%
1951-09-30,0.8556%,0.7752%,-0.4888%,1.5145%,3.0020%,-2.1797%,0.1773%,1.3111%,0.3834%,1.7255%,1.4201%,-0.3465%,1.1691%,0.6903%,-0.5042%,0.3495%,2.5656%,-1.8311%,0.0573%,1.2387%
1951-10-31,0.2833%,0.1278%,-0.2052%,-0.2273%,1.4013%,-0.5588%,0.7647%,1.0477%,-0.2228%,-0.5344%,1.0458%,-0.3072%,-0.3851%,0.9614%,-0.3720%,-0.2873%,1.1257%,-0.5029%,-0.1318%,0.9947%
1951-11-30,-0.2767%,-0.0031%,-0.4285%,-0.2445%,0.9126%,-1.2145%,-0.2530%,0.1266%,-0.6106%,-0.3759%,0.6884%,-1.1627%,-0.2667%,0.1363%,-0.4175%,-0.5157%,0.9240%,-1.1453%,-0.3939%,0.1962%
1951-12-31,1.0409%,0.4956%,-2.7602%,1.6350%,0.7064%,-1.5352%,-1.3377%,1.9314%,-2.2803%,1.8050%,0.6895%,-1.3508%,-1.7627%,1.6191%,-0.2118%,1.2572%,0.4415%,-0.2563%,-1.0656%,0.3970%
1952-01-31,-0.1927%,1.4087%,2.2871%,2.8918%,1.9621%,-2.3327%,0.0693%,-2.6577%,1.3233%,2.5696%,1.4642%,-1.7407%,0.5417%,-1.5997%,1.3959%,1.6730%,1.1572%,-2.3676%,-0.4216%,-2.6063%
1952-02-29,-0.5885%,-0.9148%,-0.7700%,-1.3460%,-1.6092%,0.7651%,-1.0092%,-0.0742%,-0.1948%,-1.4317%,-0.1968%,-0.9270%,-0.2471%,-0.9290%,-1.0239%,-0.3069%,-1.4135%,0.1146%,-1.0031%,-0.2750%
1952-03-31,-1.4160%,2.5223%,,0.6181%,4.1217%,,-1.9471%,0.8811%,0.9724%,0.1932%,3.3033%,-3.3557%,-1.7094%,-1.0248%,3.2261%,1.5847%,2.7561%,-0.5248%,-1.7622%,-0.9948%
1952-04-30,-2.5898%,-3.0192%,-3.0714%,-1.1644%,-2.3401%,-2.1458%,-1.9850%,-1.4145%,-2.5840%,-0.9052%,-1.8067%,-2.8737%,-3.8310%,-2.0964%,-4.1214%,-2.0581%,-2.8781%,-2.7807%,-2.3943%,-1.5374%
1952-05-31,-0.9535%,0.1068%,-1.0175%,-1.2940%,1.0047%,-2.4552%,-1.7170%,-0.4331%,-0.1804%,-2.6489%,1.0916%,-2.0517%,-1.5682%,-0.7796%,-0.0038%,-0.5010%,0.9013%,-2.0354%,-0.9695%,-1.1303%
1952-06-30,1.6644%,0.4121%,1.9714%,-0.1191%,-0.7935%,3.4107%,1.4827%,0.6458%,2.2525%,-0.1657%,-0.7722%,3.2607%,2.4486%,0.2360%,2.1609%,-0.1107%,-0.7965%,3.5665%,2.0895%,0.6092%
1952-07-31,0.3326%,-0.2174%,-0.6842%,0.3829%,-0.6180%,0.6040%,0.8263%,0.6703%,-0.7807%,-0.0522%,-0.6267%,0.4777%,0.3439%,0.6317%,-0.4550%,0.0985%,-0.3392%,0.1572%,0.9233%,0.2730%
1952-08-31,0.2668%,-0.2319%,-0.1135%,-1.5658%,0.8343%,0.2675%,-0.6206%,1.2154%,-0.3923%,-1.7088%,0.5558%,0.3749%,-0.5466%,1.3230%,-0.5515%,-1.2133%,1.1201%,-0.1886%,-0.5768%,1.4830%
1952-09-30,1.7363%,-1.2177%,-0.7664%,-1.3556%,-1.5217%,1.2180%,2.4006%,0.4628%,-1.3341%,-1.4739%,-1.6607%,1.0996%,2.1584%,0.7729%,-0.6798%,-1.2406%,-1.7202%,1.2523%,2.4916%,0.2119%
1952-10-31,-0.2424%,1.2308%,1.2329%,1.4873%,1.2748%,0.2529%,0.3984%,0.2948%,0.6648%,1.5219%,1.4192%,-0.3694%,-0.3340%,0.3850%,1.2448%,1.4363%,0.9802%,0.5078%,0.1027%,0.2432%
1952-11-30,-1.8561%,1.1646%,0.1818%,1.0752%,2.7901%,-3.6964%,-1.4296%,-1.0881%,0.3415%,1.0984%,2.4938%,-3.1137%,-1.4931%,-0.9615%,-0.1836%,1.3857%,2.2918%,-3.3949%,-1.3618%,-0.9196%
1952-12-31,0.7401%,0.8089%,0.0580%,1.4700%,0.5002%,0.4220%,0.5319%,0.8642%,0.0887%,1.4292%,0.3302%,0.3400%,1.2504%,0.5815%,-0.0146%,1.6542%,0.7872%,-0.4795%,0.4572%,0.3223%
1953-01-31,-1.3356%,-1.4716%,-2.4879%,-0.9833%,0.0069%,-2.4273%,-0.7195%,0.0675%,-2.5619%,-0.7799%,-0.5497%,-2.6133%,-0.8911%,-0.6011%,-2.3387%,-1.5812%,-0.4948%,-2.1186%,-0.6257%,-0.2747%
1953-02-28,1.3513%,-1.2116%,-1.0981%,-0.9377%,-1.0083%,0.9406%,1.5557%,1.0303%,-1.0075%,-0.8971%,-1.0037%,1.2516%,1.5680%,1.2554%,-1.2248%,-1.1065%,-1.3034%,1.0030%,1.5651%,0.9244%
1953-03-31,-0.0537%,-0.9052%,-0.5597%,-1.1587%,-1.8977%,0.1068%,-1.0757%,-1.2312%,-0.3342%,-1.1150%,-1.7563%,0.3518%,0.5013%,-1.0703%,-0.1526%,-0.9489%,-1.6141%,0.2888%,-0.9534%,-1.1728%
1953-04-30,-0.8413%,1.2428%,0.3300%,1.7284%,1.5320%,-1.5355%,-0.4776%,-0.3335%,0.1971%,1.7527%,1.3899%,-1.3254%,-0.8257%,-0.1326%,0.5195%,1.7579%,1.4510%,-1.2799%,-0.3323%,-0.3483%
1953-05-31,-0.5483%,-0.1573%,-0.1654%,0.2249%,0.3132%,-0.8699%,-0.5364%,-0.3913%,0.1774%,0.3629%,0.1729%,-0.6281%,-0.3843%,-0.6327%,-0.4413%,-0.1328%,0.1023%,-0.9448%,-0.5425%,-0.4012%
1953-06-30,0.2806%,-0.0821%,1.1146%,0.2570%,-1.3444%,1.8384%,-0.1083%,-0.6205%,1.0298%,0.2724%,-1.2990%,1.8766%,-0.4558%,-0.4522%,0.7984%,0.4500%,-1.4947%,1.6453%,-0.7317%,-0.6479%
1953-07-31,0.7586%,-0.3492%,-0.3850%,-0.1472%,-0.2259%,0.5683%,1.0307%,0.7274%,-0.3239%,-0.1044%,-0.3890%,0.7783%,0.7363%,0.7131%,-0.4902%,-0.3187%,-0.2386%,0.4449%,0.6519%,0.6965%
1953-08-31,-0.0333%,-0.1855%,-1.0936%,0.0578%,-0.1734%,-0.6673%,-0.0721%,0.2530%,-0.8329%,0.9691%,0.1815%,-0.4559%,-0.1144%,0.5585%,-1.0845%,-0.6962%,1.2242%,-0.9467%,0.3451%,1.3620%
1953-09-30,1.1860%,0.3836%,0.0015%,0.7006%,1.1264%,0.4286%,1.4965%,1.5535%,-0.0756%,1.0905%,1.0786%,0.4175%,1.5395%,1.5717%,-0.3946%,0.1905%,1.3550%,-0.1134%,2.1539%,1.6362%
1953-10-31,0.2664%,-0.4213%,-0.6395%,-1.1480%,0.2669%,-0.4137%,0.6272%,0.4927%,-0.4800%,-0.8901%,0.0665%,0.1180%,0.1179%,0.6646%,-0.4690%,-1.1096%,0.3148%,-0.5127%,0.5303%,0.2710%
1953-11-30,0.6095%,-0.2560%,-0.8669%,0.4472%,0.0150%,0.2987%,0.2087%,1.1806%,-0.9097%,0.3852%,0.1115%,0.1777%,0.4520%,1.1989%,-1.1072%,0.3499%,-0.0714%,0.2897%,0.1564%,1.3254%
1953-12-31,1.3081%,-0.3888%,-0.6581%,-0.9835%,0.9715%,0.4867%,0.8685%,2.1163%,-0.4805%,-0.4070%,1.0980%,0.7877%,0.7662%,2.3662%,-1.4975%,-0.6742%,0.9261%,-0.0089%,1.0622%,2.4147%
1954-01-31,-3.5679%,-1.1961%,-0.4373%,-0.5418%,-2.2042%,-2.5472%,-3.8461%,-4.3142%,-0.9223%,-0.9544%,-2.0259%,-2.9821%,-3.9140%,-4.0858%,0.2704%,-0.5920%,-3.1621%,-1.8511%,-3.5374%,-5.2836%
1954-02-28,-0.2680%,0.0874%,0.0194%,-0.4325%,0.5693%,-0.1669%,-0.6662%,0.3830%,-0.4453%,-0.2792%,0.3791%,-0.2949%,-0.6454%,0.5294%,-0.2740%,0.2556%,0.2549%,-0.2748%,-0.5356%,0.2541%
1954-03-31,1.8387%,-0.6723%,-0.3742%,-1.7059%,-1.3865%,2.9496%,0.9785%,1.9373%,-0.1433%,-1.7518%,-0.9188%,2.6858%,0.9154%,1.9103%,-0.4734%,-0.9194%,-0.6098%,2.1706%,1.1642%,2.0343%
1954-04-30,4.5217%,1.5020%,0.4937%,2.4031%,0.3925%,5.1989%,3.1840%,5.0976%,0.9515%,2.5250%,0.3831%,5.6865%,2.7227%,5.1181%,0.5449%,2.9523%,0.9404%,4.1271%,3.7559%,4.5226%
1954-05-31,-1.8716%,-2.3415%,-2.9560%,-2.4819%,2.1396%,-4.5256%,-0.8628%,0.5700%,-2.9996%,-2.4155%,-0.0604%,-3.7739%,-1.0377%,-0.8347%,-2.5536%,-1.9903%,-2.4808%,-0.6182%,-0.3629%,-0.5454%
1954-06-30,-2.5995%,2.6237%,0.7371%,2.5758%,2.2860%,-1.9858%,-2.9652%,-0.4369%,-1.1329%,3.4381%,1.1520%,-3.6986%,-2.5132%,-1.4138%,1.9082%,1.9435%,4.0193%,-1.4949%,-2.9512%,0.6161%
1954-07-31,-1.5030%,-2.4490%,-1.7523%,-2.3994%,-2.0273%,-1.1071%,0.3808%,-1.3822%,-2.2685%,-2.3964%,-1.5609%,-1.8181%,-1.3025%,-1.1105%,-2.5333%,-2.7782%,-2.0356%,-1.0900%,0.4421%,-0.5924%
1954-08-31,0.7621%,-1.0701%,-1.5360%,-1.1738%,-0.1392%,-0.4380%,0.7883%,0.9588%,-1.3612%,-0.8723%,-0.1940%,0.1596%,0.6230%,1.3268%,-0.6708%,-2.2117%,-0.3277%,-0.4315%,0.7610%,-0.0884%
1954-09-30,-2.8454%,4.0314%,2.5066%,4.4770%,2.8395%,-2.6323%,-1.1346%,-2.2994%,1.9987%,4.5325%,3.4589%,-3.8109%,-2.5564%,-2.3507%,3.1979%,5.5328%,3.3636%,-2.1679%,-1.1867%,-2.0022%
1954-10-31,0.2525%,0.1147%,-0.3410%,-0.5814%,0.8137%,-0.4929%,0.6018%,0.6619%,-0.1198%,-0.0602%,0.0857%,0.2490%,0.2286%,0.4544%,-0.1578%,0.1424%,0.3596%,0.1900%,0.2731%,0.7074%
1954-11-30,1.9072%,2.7968%,4.0736%,2.5459%,2.2854%,2.9738%,2.8025%,1.1856%,4.5476%,2.6107%,1.3270%,3.3427%,2.2333%,0.1222%,4.5012%,1.6100%,2.3639%,3.0942%,2.8172%,0.9569%
1954-12-31,2.4494%,0.7341%,-0.4321%,1.7854%,-1.0726%,2.5010%,3.9388%,1.8605%,-0.2995%,1.2510%,-1.0909%,3.2023%,1.7824%,2.4110%,3.1086%,-0.6507%,-0.1566%,2.2605%,2.8611%,-1.0047%
1955-01-31,0.5244%,1.3302%,1.8577%,1.5502%,0.9020%,0.1797%,0.9101%,-0.7760%,0.9533%,1.0878%,0.7644%,0.2493%,1.2142%,0.0604%,1.1671%,1.8229%,0.9654%,-0.1005%,1.1779%,-0.3022%
1955-02-28,-0.7922%,-0.5623%,0.3853%,-0.5664%,-0.7135%,-0.0178%,-1.0410%,-1.1166%,0.5208%,-0.6292%,-0.5870%,-0.3950%,-0.4997%,-1.5028%,-0.3796%,-0.2622%,-1.0666%,0.1629%,-1.1079%,-0.5241%
1955-03-31,0.3143%,-0.1152%,0.1689%,0.1692%,-0.6793%,0.6442%,0.6596%,-0.2040%,0.2732%,0.2793%,-0.5730%,0.6287%,0.5172%,-0.2175%,0.0590%,0.0385%,-0.4540%,0.7262%,0.4226%,0.2131%
1955-04-30,-0.6604%,1.4193%,1.3017%,1.1079%,1.7878%,-0.5333%,-1.2359%,-0.0472%,1.4146%,1.3552%,1.9072%,-0.5398%,-1.3453%,-0.0472%,1.2724%,1.2568%,1.7403%,-0.5151%,-1.7268%,-0.0472%
1955-05-31,1.0726%,-0.1111%,-1.0139%,0.2579%,0.2704%,0.5910%,0.7730%,1.8754%,-0.9302%,0.2497%,0.2291%,0.6747%,0.7332%,1.8341%,-0.9994%,0.2473%,0.3933%,0.6055%,0.4727%,1.9982%
1955-06-30,1.6571%,1.2628%,0.3279%,0.0224%,2.5233%,0.2570%,0.2555%,2.4524%,0.2004%,-1.7794%,2.2120%,0.5487%,1.4457%,2.5604%,0.4943%,0.1959%,3.1742%,-0.2755%,0.2724%,2.4044%
1955-07-31,1.5266%,-2.2865%,-2.7878%,-3.7112%,-1.0509%,1.7208%,0.3568%,3.4577%,-3.4559%,-3.9259%,-1.4902%,1.4858%,0.3203%,3.4514%,-2.3448%,-2.5377%,-1.9591%,2.3483%,-0.3260%,2.7340%
1955-08-31,-3.2356%,1.5200%,0.3801%,0.6963%,1.6171%,-3.3336%,-3.0341%,-2.0966%,0.3359%,0.5522%,1.5106%,-3.3475%,-4.0941%,-2.1728%,0.9991%,1.8581%,1.6785%,-2.7085%,-3.3222%,-2.0291%
1955-09-30,-2.2161%,-0.7140%,-0.2064%,0.1316%,0.0278%,-2.3663%,-1.8318%,-2.1321%,-0.2126%,0.3899%,0.1929%,-1.6170%,-3.5903%,-1.2115%,-0.8518%,-0.0495%,-1.2880%,-1.7542%,-1.0775%,-2.1904%
1955-10-31,-0.5390%,-0.6866%,-0.4525%,-0.0844%,-1.5608%,0.3431%,-1.8266%,-0.7652%,-0.8873%,-0.5373%,-1.7340%,0.1519%,-1.1211%,-0.6948%,-0.5690%,-0.4280%,-1.0812%,0.0689%,-1.6807%,-0.4433%
1955-11-30,-3.8475%,1.9993%,-0.0509%,0.1032%,1.4324%,-5.0232%,-2.1140%,-3.5399%,0.6537%,0.1238%,1.4030%,-4.9736%,-2.5102%,-4.2244%,1.2023%,3.0570%,1.6632%,-3.9803%,-2.3717%,-3.5195%
1955-12-31,-0.7476%,0.7990%,0.8616%,0.9359%,0.7648%,-0.2457%,-0.9732%,-0.3426%,0.8284%,0.7133%,0.9811%,-0.4260%,-0.4926%,-0.2733%,1.3129%,0.1363%,0.9952%,-0.3950%,-0.6877%,-0.7126%
1956-01-31,0.6694%,-2.0816%,-3.0391%,-2.2627%,0.2912%,-0.7056%,0.2780%,2.6248%,-3.5399%,-2.1998%,0.5521%,-0.6788%,0.4646%,3.4133%,-3.1307%,-1.9791%,-1.1423%,-0.5012%,0.9492%,1.4872%
1956-02-29,-2.6787%,1.5807%,1.5478%,0.2058%,1.3486%,-2.5648%,-1.8020%,-2.7640%,1.5461%,0.2673%,1.6278%,-2.8578%,-2.4400%,-2.7761%,1.7524%,1.2624%,1.7501%,-2.7027%,-1.5549%,-2.7050%
1956-03-31,1.5502%,2.4988%,3.0722%,1.2634%,2.5879%,0.5328%,1.0423%,0.0485%,4.5212%,0.6524%,0.5185%,3.3087%,2.3207%,-0.6940%,3.3783%,1.8308%,2.3349%,1.8701%,0.9332%,0.8267%
1956-04-30,2.9571%,-0.4951%,-3.7295%,-1.2308%,-1.6958%,3.4181%,2.9383%,5.4518%,-1.4176%,-1.6281%,-1.7923%,2.6892%,3.5081%,2.3146%,-1.3214%,-0.0128%,-0.1856%,2.2613%,3.2114%,3.3970%
1956-05-31,-1.5139%,-1.1215%,-1.8580%,-0.3158%,-1.2103%,-1.5790%,-1.7231%,-0.9312%,-1.9825%,-0.2624%,-1.1414%,-1.9042%,-1.5269%,-1.0631%,-1.9191%,-0.4120%,-1.0425%,-1.3626%,-1.8357%,-0.4860%
1956-06-30,-2.2824%,1.2955%,0.7950%,0.7876%,0.2113%,-2.7233%,-0.8842%,-3.3070%,0.9155%,0.8969%,0.9302%,-2.3216%,-2.3465%,-2.3069%,1.1881%,2.0920%,0.6890%,-2.4149%,-0.6422%,-2.9140%
1956-07-31,1.9010%,1.0736%,0.5079%,0.9149%,0.8149%,1.6891%,1.7441%,1.9961%,0.3683%,0.8063%,0.7411%,1.5023%,2.4006%,1.8751%,0.6259%,1.5653%,0.9363%,1.6298%,1.4868%,1.9402%
1956-08-31,-0.7397%,-0.8235%,-0.7211%,-1.4768%,-0.0594%,-1.1234%,-0.7741%,-0.4618%,-0.6840%,-1.3040%,-0.3065%,-0.8019%,-1.2250%,-0.4244%,-0.9012%,-1.7149%,0.2022%,-1.2920%,-0.6248%,-0.1886%
1956-09-30,2.6495%,-1.1730%,-0.3908%,-0.8052%,-0.8350%,2.7875%,2.5106%,2.3433%,-0.1726%,-0.7392%,-0.8815%,3.0197%,2.8050%,2.3109%,-1.0625%,-1.0621%,-1.4800%,2.6573%,2.5044%,2.2399%
1956-10-31,-0.8076%,0.5064%,-0.4387%,0.3828%,0.2234%,-1.2098%,-0.8819%,-0.5477%,-0.1083%,0.3612%,0.0887%,-1.1196%,-0.4819%,-0.9227%,0.1960%,0.4470%,0.8750%,-0.8076%,-0.8170%,-0.1287%
1956-11-30,-0.4894%,0.9022%,0.0693%,0.9230%,2.3260%,-2.2405%,0.2760%,0.0161%,-0.5409%,1.0308%,2.1933%,-2.2459%,0.2894%,0.4883%,-0.8042%,1.4579%,2.0528%,-2.2516%,0.5932%,0.6055%
1956-12-31,0.2545%,0.5987%,0.2857%,0.1831%,1.0522%,-0.3976%,0.3736%,0.3688%,0.1867%,0.1788%,1.1310%,-0.5179%,0.8549%,0.4264%,0.0578%,0.4519%,1.2864%,-0.6840%,-0.0698%,0.5446%
1957-01-31,-4.1862%,-2.2161%,-3.3347%,-1.0405%,1.6452%,-7.0068%,-2.6459%,-2.0269%,-3.2950%,-0.8394%,1.9084%,-5.5723%,-6.6174%,-0.3689%,-5.2282%,-2.4470%,1.0269%,-7.3581%,-3.3240%,-1.1030%
1957-02-28,0.7779%,-0.4568%,0.1559%,0.1330%,-0.4729%,1.1011%,0.4177%,0.4723%,0.1874%,-0.2643%,-0.4360%,0.9360%,1.0852%,0.3125%,-0.3655%,-0.3056%,-0.6993%,1.2083%,0.5982%,0.8745%
1957-03-31,0.1425%,0.1047%,0.1912%,0.0358%,0.1909%,0.1811%,0.2493%,0.1807%,0.3596%,0.1308%,0.1746%,0.2262%,0.1600%,0.0411%,0.0253%,-0.0039%,0.2928%,0.1357%,0.0314%,0.4032%
1957-04-30,0.2206%,0.1389%,1.5167%,-1.1766%,-0.6858%,0.6126%,2.7982%,-1.5899%,2.1664%,-1.0001%,-0.6675%,0.9523%,1.5909%,-1.8815%,0.6214%,0.5017%,-0.7063%,0.2366%,2.0464%,-1.0912%
1957-05-31,1.6630%,-1.0194%,-2.3623%,-1.4232%,0.1891%,0.2625%,1.9625%,2.8139%,-2.1529%,-1.1327%,-0.1807%,0.4769%,2.0630%,2.4491%,-2.2221%,-1.4723%,0.6362%,0.1530%,2.2782%,3.0112%
1957-06-30,1.6980%,0.9122%,0.2274%,0.8177%,1.3334%,1.0472%,1.6702%,2.1532%,0.3248%,0.7027%,1.6589%,1.0560%,1.6480%,2.3901%,0.3043%,1.0366%,1.3958%,1.0165%,1.9773%,2.1080%
1957-07-31,0.8149%,-0.6303%,-0.9111%,-0.8458%,-0.3208%,0.3152%,1.4633%,0.9054%,-1.0918%,-0.8369%,-0.2265%,0.1287%,1.3220%,0.9939%,-0.9715%,-0.7518%,-0.1678%,-0.0078%,1.4107%,0.7959%
1957-08-31,-0.1611%,2.5083%,1.3463%,2.8341%,3.5351%,-1.1956%,1.6063%,0.9932%,2.0585%,2.6599%,3.0924%,-0.7967%,0.0761%,0.2372%,1.6929%,2.1488%,3.6833%,-0.9260%,2.0646%,1.0645%
1957-09-30,2.3611%,1.3912%,-0.3357%,0.0864%,,,2.1386%,2.8305%,0.1556%,0.2339%,0.8070%,2.2466%,1.9387%,2.8981%,1.3408%,-0.3708%,3.2038%,1.4572%,2.2651%,3.3201%
1957-10-31,1.3110%,0.5685%,-0.4033%,0.4216%,1.4304%,0.0339%,1.3962%,1.8675%,-0.4937%,0.4173%,1.3736%,0.0859%,1.8939%,1.9532%,-0.6523%,0.8218%,1.5358%,-0.1703%,0.9941%,2.0178%
1957-11-30,0.1642%,-0.7788%,-0.0129%,-1.1611%,-1.8861%,1.8713%,-0.0706%,-0.0019%,0.5341%,-1.6257%,-1.5612%,1.1865%,0.2151%,-0.9088%,-0.5703%,-0.2397%,-1.5264%,1.1805%,-0.0571%,0.2245%
1957-12-31,0.6968%,1.2416%,5.1657%,-1.6362%,-0.6886%,3.4199%,1.7767%,-2.4344%,4.4025%,-0.8060%,-0.2146%,3.3198%,0.0679%,-1.2972%,4.5776%,0.5019%,-1.3546%,3.6205%,1.4319%,-2.3118%
1958-01-31,-3.0003%,-3.1691%,-4.8848%,-0.7253%,-1.8633%,-4.7561%,-0.3732%,-1.7346%,-6.3080%,-0.5537%,-1.5217%,-6.1888%,-1.4096%,-1.4025%,-6.1280%,-1.3705%,-2.0087%,-6.1937%,-0.2799%,-2.0744%
1958-02-28,0.5165%,-1.0729%,-1.1563%,-1.5008%,0.9433%,-0.0774%,-0.8455%,2.0223%,-1.9533%,-1.1864%,-0.3893%,-0.3770%,0.7396%,1.1869%,-1.2585%,-2.0231%,0.0629%,-0.9000%,-0.6865%,0.4214%
1958-03-31,-1.2889%,0.2173%,0.3997%,-0.4208%,0.1320%,-1.0550%,-1.3168%,-1.3227%,0.3302%,-0.4260%,0.2097%,-1.2858%,-1.1746%,-1.4063%,0.5169%,-0.0732%,0.2084%,-0.8605%,-1.1961%,-1.1690%
1958-04-30,0.5100%,1.0081%,0.5891%,1.1314%,1.3301%,-0.5468%,1.6054%,0.1942%,0.5891%,1.1205%,0.9281%,-0.2660%,1.7229%,0.0730%,0.5891%,1.1157%,1.3194%,-0.4610%,1.5597%,0.2692%
1958-05-31,-2.0973%,-1.4267%,-0.7713%,-1.4301%,-0.4454%,-2.3477%,-1.3207%,-2.0218%,-0.9557%,-1.4943%,-0.9737%,-2.4372%,-1.3995%,-2.4552%,-1.7998%,-1.3415%,-1.1387%,-2.3269%,-1.1954%,-1.6659%
1958-06-30,-0.3788%,-0.7040%,-1.1678%,-0.2536%,-0.8189%,-0.5295%,-0.8905%,-0.1806%,-1.0664%,-0.3028%,-0.7801%,-0.4408%,-0.5410%,-0.1545%,-0.9573%,-0.5996%,-0.5552%,-0.4265%,-0.8619%,-0.0245%
1958-07-31,1.1178%,-2.5402%,-3.5127%,-2.0201%,-1.3564%,-0.4634%,-0.8640%,1.6929%,-3.8973%,-2.1495%,-1.4134%,0.1971%,0.4752%,2.6810%,-3.2916%,-1.8798%,-2.4492%,0.3800%,-0.6498%,1.2224%
1958-08-31,0.4789%,-0.7277%,-0.8747%,-0.3374%,-0.8146%,0.3085%,0.4479%,0.3685%,-0.8927%,-0.1092%,-0.8068%,0.1964%,0.9581%,0.2823%,-0.8942%,-0.6146%,-0.6742%,0.2641%,0.5498%,0.4841%
1958-09-30,0.0805%,-0.1248%,0.0441%,-0.7803%,0.4603%,0.0416%,-0.0150%,0.4578%,-0.1847%,-0.9951%,0.3042%,-0.3022%,0.3570%,0.1867%,-0.3371%,-0.2624%,0.2251%,0.0178%,0.0880%,0.5801%
1958-10-31,0.3992%,0.3210%,0.4930%,1.2672%,-0.5193%,0.7760%,0.7020%,-0.2362%,0.1955%,1.1508%,-0.3325%,0.6356%,0.4544%,0.1076%,0.4303%,1.0035%,-0.4709%,0.7451%,0.8800%,-0.1561%
1958-11-30,0.9127%,0.8661%,1.0570%,0.3739%,0.5793%,1.3246%,0.1667%,0.8469%,1.0840%,0.2572%,0.4652%,1.4831%,0.3908%,0.8643%,0.9395%,1.0423%,0.6164%,1.0451%,0.2774%,0.7219%
1958-12-31,-0.5031%,-0.0250%,-1.2635%,1.2047%,0.2709%,-0.6771%,-1.7838%,0.8573%,-0.8441%,1.6422%,0.4660%,-0.2577%,-2.3041%,1.0524%,-1.7732%,1.1264%,0.5719%,-1.1867%,-1.4717%,1.1583%
1959-01-31,-0.2748%,2.8119%,3.3040%,2.4513%,2.6858%,0.5594%,0.7482%,-0.0588%,3.9791%,2.2944%,2.6123%,0.0950%,0.3523%,-1.2718%,2.9328%,2.7620%,2.7410%,0.6529%,1.0079%,0.4610%
1959-02-28,1.8929%,-0.5484%,1.1977%,-0.7751%,-1.3610%,3.5438%,1.5602%,0.9851%,1.3780%,0.6303%,-1.2475%,3.3538%,1.5966%,0.7284%,0.0914%,-0.4803%,-1.2564%,2.4413%,1.5332%,1.0935%
1959-03-31,0.1723%,-0.0535%,0.4533%,-0.3301%,-0.2452%,0.7386%,-0.3837%,0.0400%,0.1694%,-0.3765%,-0.2578%,0.2402%,0.4639%,-0.1870%,0.4164%,-0.3076%,-0.2692%,0.5354%,-0.6163%,-0.1502%
1959-04-30,-0.5721%,1.1794%,0.7748%,1.7365%,0.8752%,-0.4163%,-0.6337%,-0.3159%,0.1396%,1.4140%,1.0604%,-0.7378%,-1.1614%,0.1830%,0.2107%,2.0925%,1.2351%,-0.6951%,-0.6118%,0.3294%
1959-05-31,2.1487%,0.5725%,-0.5085%,0.1135%,0.5727%,2.1335%,1.2056%,3.2147%,-0.5858%,0.7815%,1.2233%,1.2005%,2.2361%,3.0096%,-0.2648%,0.4422%,1.5400%,1.6403%,0.8265%,3.4451%
1959-06-30,0.5564%,1.1904%,1.0740%,1.8159%,0.6598%,0.7971%,0.0195%,0.3830%,1.2317%,1.6943%,0.4674%,1.1303%,0.1727%,0.3661%,0.7212%,2.0813%,0.7687%,0.1185%,-0.0236%,0.1660%
1959-07-31,0.1550%,-0.3639%,-0.6134%,-0.7110%,0.0572%,-0.0424%,0.3723%,0.6282%,-1.5590%,-0.8548%,-0.3055%,-0.6808%,0.5730%,0.5728%,-0.8650%,-0.2925%,0.0658%,-0.2117%,0.5767%,0.7190%
1959-08-31,0.7673%,-0.6546%,-0.2040%,-0.2333%,-0.4240%,0.7401%,0.5687%,0.5200%,-0.9222%,-0.1078%,-0.0586%,0.4982%,0.4420%,1.3617%,-0.5624%,-1.1852%,-0.2163%,0.1251%,0.6766%,0.4712%
1959-09-30,0.4932%,0.2630%,0.5261%,-0.1375%,0.6616%,0.6977%,0.2086%,0.8333%,0.8562%,-0.1152%,0.5320%,0.7631%,0.2775%,0.4390%,0.0276%,0.1019%,0.6594%,0.4765%,0.1643%,1.1083%
1959-10-31,0.2642%,0.9943%,0.1162%,1.0913%,1.5356%,-0.3273%,-0.6312%,1.0921%,0.0186%,1.4778%,1.2878%,-0.3134%,0.1500%,0.9559%,0.1342%,1.1481%,1.7005%,-0.7520%,-0.5388%,0.8144%
1959-11-30,3.4380%,1.2244%,-0.0723%,-0.7090%,1.8981%,2.2629%,3.0693%,4.2333%,0.1350%,-0.4206%,1.6096%,3.2920%,2.2556%,4.7666%,0.2061%,0.7079%,2.7592%,2.1984%,3.1907%,4.7515%
1959-12-31,-0.6203%,-0.5044%,-0.6043%,-0.2021%,-0.4679%,-0.5040%,-0.7705%,-0.3676%,-0.5334%,-0.2828%,-0.4585%,-0.5666%,-0.8024%,-0.4918%,-0.6292%,-0.2582%,-0.6258%,-0.3876%,-0.5580%,-0.3843%
1960-01-31,-2.3244%,-2.3472%,-3.4329%,-2.4241%,-1.5237%,-3.0031%,-2.9878%,-1.0939%,-3.1855%,-3.3694%,-1.7028%,-2.3601%,-3.7356%,-0.8774%,-3.2338%,-2.2193%,-1.5885%,-2.9520%,-2.8986%,-1.3067%
1960-02-29,1.5849%,-0.4839%,1.0653%,1.6393%,3.0736%,2.6610%,0.7298%,4.6693%,-1.2724%,2.0939%,0.1624%,1.0953%,1.1294%,2.5301%,-2.0252%,-0.2480%,0.8215%,1.6561%,0.5322%,4.5028%
1960-03-31,3.1704%,-0.7917%,0.2235%,-1.3328%,-1.0085%,4.2056%,2.2642%,2.9736%,0.2235%,-1.2885%,-1.1260%,4.2019%,2.4568%,2.8524%,0.2235%,-1.4591%,-1.1395%,4.1432%,2.3205%,2.7802%
1960-04-30,2.3896%,0.2441%,1.2846%,0.7180%,-0.4581%,3.1381%,2.6851%,1.3954%,1.0048%,0.7006%,-0.7151%,3.2699%,2.3489%,1.5500%,1.1117%,0.2576%,-0.6370%,3.2341%,2.4810%,1.4854%
1960-05-31,3.4628%,2.7894%,3.6346%,1.6531%,1.6973%,3.3640%,4.0129%,1.4266%,3.1130%,2.0266%,2.0523%,3.8578%,3.7335%,2.7972%,3.3570%,1.9771%,3.0340%,2.6685%,3.9068%,2.3455%
1960-06-30,-0.2758%,-0.1879%,-0.5369%,0.5433%,-0.1110%,-0.5131%,0.1438%,-0.0872%,-0.5178%,0.5280%,-0.5082%,-0.3687%,-0.0997%,-0.3590%,-0.6750%,0.4030%,-0.2918%,-0.6794%,-0.3194%,-0.2962%
1960-07-31,0.9767%,-2.7036%,-2.4177%,-3.6171%,-2.4137%,1.0847%,1.4823%,1.0887%,-2.3869%,-3.8924%,-2.3979%,0.8875%,1.1662%,0.8765%,-2.4855%,-3.1408%,-2.4846%,1.0459%,1.7553%,1.0468%
1960-08-31,2.3417%,0.9615%,1.4301%,1.1401%,0.4847%,2.7953%,2.2876%,1.8498%,1.3823%,1.0835%,0.5261%,2.8588%,2.1637%,2.0027%,1.6152%,0.7432%,0.5261%,2.9218%,2.2224%,1.8328%
1960-09-30,1.7016%,-1.7573%,-1.9479%,-2.8925%,-1.7009%,2.0288%,1.9766%,2.2758%,-1.2437%,-3.0855%,-1.5650%,1.7816%,1.8629%,1.4602%,-1.2857%,-2.1439%,-1.8422%,2.3581%,2.2569%,1.8017%
1960-10-31,1.6629%,-0.2798%,0.4259%,0.7905%,-0.5162%,1.8916%,2.0711%,0.9495%,-0.0588%,0.7953%,-0.0461%,1.3151%,2.3459%,1.3278%,-0.0976%,-0.2145%,-0.5273%,1.6914%,1.8652%,1.2617%
1960-11-30,-0.3800%,1.8423%,2.7524%,1.6642%,1.4515%,-0.3948%,0.0673%,-1.6957%,2.3066%,1.5585%,1.5552%,-0.3948%,0.4008%,-1.1461%,2.1505%,2.1442%,1.2321%,-0.3948%,-0.1090%,-1.3132%
1960-12-31,0.1316%,1.7062%,2.7074%,1.9014%,2.1221%,-0.6469%,-1.3741%,-1.2322%,1.8726%,1.8200%,2.3372%,-0.8262%,1.5825%,-0.3615%,2.3149%,2.1085%,0.6952%,0.5450%,-1.3124%,-1.0747%
1961-01-31,1.2366%,-2.7713%,-2.9491%,-3.5944%,-2.2904%,1.6874%,0.6353%,2.3461%,-2.8969%,-3.7796%,-1.7106%,1.2164%,0.0908%,2.4027%,-2.7133%,-3.0244%,-2.5761%,1.9745%,0.1806%,2.1117%
1961-02-28,-0.8117%,0.1777%,-1.9980%,-0.5534%,0.7192%,-2.9847%,-0.0216%,-0.2675%,0.4057%,-0.4168%,0.8677%,-1.0902%,-0.7169%,-0.6281%,-0.4702%,1.6192%,-0.6159%,-0.7689%,0.3077%,-0.9147%
1961-03-31,0.8017%,1.2995%,0.4699%,1.8104%,1.4163%,0.2519%,0.7300%,1.1983%,0.6617%,1.9063%,1.3933%,0.4210%,0.8314%,1.1526%,0.2899%,2.2579%,1.3506%,0.1263%,0.9893%,1.1871%
1961-04-30,0.9966%,1.3651%,1.5537%,1.0393%,0.4748%,1.4518%,0.2694%,0.3729%,1.4219%,1.1037%,0.7121%,1.7893%,0.1211%,1.0796%,1.3151%,0.7936%,1.9867%,0.0398%,0.5368%,0.7114%
1961-05-31,-1.2751%,-1.2537%,-1.0928%,-0.3876%,-0.7038%,-1.2558%,-0.4156%,-0.8668%,-1.7260%,-0.4740%,-1.2706%,-2.0780%,-0.1248%,-1.6226%,-1.5578%,-0.9459%,-1.2573%,-1.0025%,-0.3030%,-0.7021%
1961-06-30,-0.0697%,-0.1894%,0.5774%,-0.6422%,-0.3864%,0.8824%,-0.9605%,-0.0814%,0.3101%,-0.8051%,-0.5224%,0.6081%,-0.5926%,-0.2245%,0.3999%,-0.7114%,-0.2567%,0.5135%,-1.0275%,-0.1431%
1961-07-31,1.0070%,1.2940%,0.9886%,1.0060%,2.3439%,0.3212%,2.0096%,1.6765%,1.1406%,1.0436%,2.3692%,0.5813%,0.6297%,1.8100%,0.8271%,0.7766%,2.2783%,0.1421%,1.8358%,1.5934%
1961-08-31,-1.2020%,-1.4563%,0.6774%,-1.1713%,-1.6722%,-0.7506%,0.0375%,-3.1002%,-1.4948%,-1.9823%,-1.4459%,-1.4791%,-0.6965%,-1.4302%,-1.4071%,-1.3262%,-1.6356%,-0.7854%,-0.0534%,-1.0138%
1961-09-30,2.9029%,-1.1099%,-0.1705%,1.0939%,-1.2642%,3.5711%,1.8624%,2.4774%,-0.8239%,0.9487%,-1.6349%,2.9897%,3.5402%,2.1787%,-0.4268%,-0.1335%,-2.7694%,4.7166%,2.4315%,2.3740%
1961-10-31,1.5623%,-1.2651%,-0.9967%,-1.5636%,-0.7015%,1.6458%,0.9621%,1.9410%,-1.1630%,-2.0110%,-0.3407%,1.6327%,0.5994%,2.4550%,-1.3256%,-1.1102%,-1.3595%,1.3141%,0.8889%,1.2801%
1961-11-30,0.3535%,0.5812%,0.5071%,0.2222%,1.4211%,0.1466%,0.6473%,1.0606%,0.2287%,0.0637%,0.8249%,0.4097%,-0.3551%,1.0058%,-0.4942%,1.0942%,1.1436%,-0.3896%,0.8776%,1.2481%
1961-12-31,0.5724%,0.5155%,0.6579%,0.8778%,-0.0297%,0.1380%,2.0203%,-0.5496%,0.7876%,0.9819%,-0.1119%,0.4983%,1.6200%,-0.4012%,0.5864%,0.8117%,0.1483%,-0.0313%,1.7194%,-0.4694%
1962-01-31,3.3079%,1.5015%,1.2596%,1.6430%,3.5934%,2.5086%,3.5110%,4.8425%,1.7573%,1.6386%,2.9852%,2.8707%,2.9546%,4.0986%,1.2800%,0.6619%,2.5628%,2.7038%,3.2650%,3.9866%
1962-02-28,0.3270%,-0.6214%,-1.5244%,0.2744%,-0.6662%,-0.4976%,0.5273%,0.3606%,-1.2488%,0.0348%,-0.4410%,-0.2003%,0.5738%,0.6075%,-1.2221%,-0.5928%,-0.0492%,-0.6960%,0.4422%,0.4770%
1962-03-31,-0.7989%,0.7022%,0.7461%,0.7511%,0.9200%,-0.8889%,-1.2357%,-0.7151%,0.8483%,0.2635%,0.8198%,-0.6832%,-1.0018%,-0.7118%,0.6295%,0.5946%,0.8826%,-0.9987%,-1.1627%,-0.7456%
1962-04-30,-0.7423%,-0.1984%,1.7448%,-0.1321%,-0.4021%,-0.2337%,-0.4655%,-2.3807%,0.3594%,-0.0220%,-0.4948%,-0.4127%,-0.5474%,-1.2669%,-0.2360%,-0.0423%,-0.3168%,-0.6705%,-0.3301%,-0.7513%
1962-05-31,2.6056%,-1.9395%,-2.0760%,-2.4933%,-0.6937%,1.7507%,2.6587%,3.1331%,-1.9148%,-2.8886%,-0.6068%,1.7934%,2.9220%,3.1013%,-2.3098%,-2.7942%,-0.7146%,1.5109%,2.8239%,3.1062%
1962-06-30,2.4273%,-0.1124%,0.0669%,1.0895%,-0.3591%,2.5402%,2.4665%,2.1143%,-0.3182%,0.7567%,-0.3480%,2.5111%,2.1551%,2.4813%,-0.3088%,0.4346%,-0.4632%,2.6461%,2.5651%,2.4917%
1962-07-31,-2.3474%,0.8519%,1.1596%,1.3219%,0.5139%,-2.1816%,-2.2672%,-2.8273%,0.9396%,1.5115%,0.6268%,-2.3841%,-1.9917%,-2.6969%,0.8541%,1.4378%,0.2638%,-2.0110%,-2.3436%,-2.6013%
1962-08-31,0.3032%,-0.6805%,0.0206%,-1.2834%,-0.5735%,0.7462%,0.0145%,0.1521%,-0.2309%,-1.2463%,-0.5737%,0.6646%,-0.0788%,0.3218%,-0.4158%,-1.0099%,-0.6157%,0.5260%,0.0014%,0.3260%
1962-09-30,-1.0841%,1.5514%,2.0881%,1.7608%,0.2148%,0.6064%,-1.4385%,-1.2669%,0.7487%,2.1756%,0.3833%,-0.8098%,-1.3652%,-1.1751%,1.7220%,0.9784%,1.9539%,0.2964%,-1.4976%,0.5283%
1962-10-31,2.3260%,0.4332%,-0.3975%,-0.0006%,0.4211%,1.5131%,3.8255%,2.3317%,-0.8720%,0.0889%,0.0879%,1.5552%,2.9785%,2.5151%,0.7247%,-0.4810%,1.0559%,1.9007%,3.2901%,2.2319%
1962-11-30,-3.7543%,-0.9023%,-0.0997%,-0.5635%,-1.4612%,-2.1915%,-4.9098%,-3.5530%,-0.3366%,-0.6706%,0.3115%,-3.9614%,-3.9320%,-3.3133%,0.4640%,-2.4015%,-0.7693%,-2.6938%,-4.8536%,-3.9271%
1962-12-31,-3.6699%,0.6726%,0.2840%,0.0903%,0.3309%,-3.8706%,-3.1489%,-3.8238%,0.0457%,0.0505%,0.3696%,-3.8792%,-3.5812%,-3.5553%,0.7102%,0.6920%,0.6158%,-3.8392%,-2.9073%,-3.9335%
1963-01-31,-2.2786%,0.1128%,0.5157%,1.1069%,0.5963%,-2.6901%,-2.0018%,-2.6095%,0.6749%,0.9505%,0.1099%,-1.7021%,-2.8591%,-2.2671%,0.2202%,0.6239%,-0.5056%,-2.3045%,-1.6339%,-3.0303%
1963-02-28,0.2163%,0.7370%,1.3646%,0.5399%,0.3600%,0.6664%,0.6855%,-0.3382%,1.3278%,0.6549%,0.8569%,0.2028%,0.6241%,-0.2681%,1.3435%,0.8014%,0.0663%,0.9582%,0.6855%,-0.3190%
1963-03-31,-0.0429%,1.4314%,0.8481%,1.4445%,1.9017%,-0.8125%,-0.4414%,0.2410%,0.6962%,1.0534%,1.9205%,-0.7422%,-0.0829%,0.4822%,0.8941%,1.5439%,1.8561%,-0.8959%,-0.4305%,0.0661%
1963-04-30,0.9791%,-0.3942%,-1.4309%,-1.0321%,-0.9118%,1.3467%,1.5835%,1.8658%,-1.0514%,-0.9864%,-0.7221%,0.9792%,0.9672%,1.3085%,0.1852%,-0.5493%,-0.8185%,1.6629%,1.6055%,0.6593%
1963-05-31,1.2869%,-1.1868%,-0.5100%,-2.2456%,-0.2263%,1.1504%,1.1265%,1.4341%,-0.6868%,-2.5451%,-0.0655%,1.0342%,1.0858%,1.6556%,-0.6409%,-2.2330%,-0.6771%,0.9920%,1.2818%,0.9557%
1963-06-30,-0.9866%,-0.4131%,-0.7151%,0.3517%,-0.6256%,-0.6169%,-1.3970%,-0.5274%,-0.5629%,0.3567%,-0.1600%,-0.6919%,-1.8578%,-0.2891%,-0.1894%,-0.4474%,-0.6108%,-0.5942%,-1.7228%,-1.0156%
1963-07-31,0.5343%,1.1200%,1.2931%,1.5872%,0.8541%,0.9471%,0.8873%,0.5082%,0.7169%,1.5134%,0.8479%,0.3149%,0.6974%,0.4459%,0.8000%,1.6085%,0.9203%,0.5195%,0.8640%,0.6399%
1963-08-31,-1.5291%,-0.1015%,0.6355%,-0.2143%,0.2159%,-1.0988%,-2.1743%,-1.5183%,0.4962%,0.0267%,0.2826%,-1.2350%,-1.9512%,-1.4486%,0.2256%,-0.0597%,-0.4784%,-0.8426%,-2.2100%,-1.5467%
1963-09-30,-0.4953%,-0.0350%,0.6819%,-0.4850%,-0.4908%,0.2359%,-0.7567%,-0.9368%,0.9017%,-0.7688%,-0.4919%,0.3020%,-0.6838%,-1.0916%,0.8003%,0.0206%,-0.9009%,0.4615%,-0.7712%,-1.2397%
1963-10-31,0.2880%,-0.5680%,-0.1077%,-1.5986%,-0.0143%,-0.5445%,1.4065%,-0.4510%,-0.4317%,-1.4376%,0.0296%,-0.5544%,1.0893%,-0.0932%,0.3308%,-2.4496%,0.5035%,-0.8776%,1.2245%,-0.7049%
1963-11-30,-1.6321%,-0.4450%,-0.1280%,-0.4866%,-0.6975%,-0.6955%,-3.1800%,-1.2649%,-0.2339%,-0.0938%,-0.6272%,-0.8716%,-2.6894%,-1.2649%,-0.2242%,-0.3874%,-0.7272%,-0.7619%,-3.2937%,-1.2649%
1963-12-31,0.3640%,0.4033%,-0.4370%,0.2579%,1.5442%,-0.6159%,0.7081%,1.3653%,-0.2129%,0.3570%,1.8547%,-0.4715%,-0.0078%,1.5962%,0.2294%,-0.1005%,1.1144%,-0.1685%,0.8475%,0.7164%
1964-01-31,1.1682%,-0.7378%,-0.2242%,-0.5760%,-1.3722%,1.5348%,1.2014%,0.3868%,-0.3655%,-0.5945%,-0.9479%,1.4549%,1.1764%,0.8726%,-0.4281%,-0.6639%,-1.1265%,1.4085%,1.3401%,0.7101%
1964-02-29,-0.6382%,0.2383%,0.3272%,0.0418%,0.6835%,-0.6650%,-1.3992%,-0.3086%,0.5280%,0.3143%,0.6218%,-0.4359%,-1.1054%,-0.3421%,0.3468%,-0.0673%,0.4557%,-0.4860%,-1.2101%,-0.3771%
1964-03-31,1.8941%,0.8635%,1.0104%,0.0521%,-0.1840%,2.2589%,2.0046%,1.0644%,0.6042%,0.2012%,-0.5506%,2.2433%,2.3222%,1.0884%,1.7494%,0.1520%,0.7366%,2.2816%,2.0066%,1.2688%
1964-04-30,-1.3288%,-0.6284%,-1.3358%,0.4223%,-0.1171%,-1.7175%,-1.0867%,-0.4988%,-1.6947%,0.0554%,0.1203%,-1.9716%,-1.8252%,-0.1566%,-1.7569%,0.0456%,-0.2188%,-2.0052%,-1.4408%,-0.4671%
1964-05-31,-0.7032%,1.1563%,1.4729%,1.1199%,0.6011%,-0.0445%,-0.6153%,-0.9163%,1.3125%,1.2940%,0.6610%,-0.3458%,-0.7627%,-0.9973%,1.3957%,1.4120%,0.6442%,-0.0365%,-0.3799%,-0.7881%
1964-06-30,-1.0408%,0.0711%,0.4278%,-0.0588%,0.5326%,-1.3528%,-0.8530%,-1.2480%,0.4855%,0.2669%,0.3331%,-1.0277%,-0.9223%,-1.1802%,0.3526%,-0.5554%,0.4580%,-1.3484%,-1.0610%,-1.2429%
1964-07-31,-0.8423%,-1.0707%,-1.5111%,-0.9723%,-0.7725%,-0.9602%,-1.3252%,-0.2217%,-1.2279%,-0.9689%,-0.4110%,-1.0946%,-1.1349%,-0.2778%,-1.5845%,-0.8405%,-0.8024%,-1.0360%,-1.4192%,-0.2539%
1964-08-31,1.0607%,-0.7200%,-0.4017%,-0.9574%,-0.0244%,0.9529%,0.6524%,1.3302%,-0.4039%,-0.5481%,-0.1810%,0.9893%,0.9856%,1.2122%,-1.0611%,-0.8185%,-0.2738%,0.4809%,0.4550%,1.2682%
1964-09-30,0.7156%,-1.2323%,-1.6143%,-1.4352%,-0.8810%,-0.3820%,1.0961%,0.3512%,-0.9273%,-1.4848%,-0.3782%,-0.1342%,1.7942%,0.4149%,-0.7763%,-1.9500%,-0.9227%,0.1587%,1.0961%,0.0122%
1964-10-31,0.4231%,-0.8315%,-0.6806%,-1.2499%,-0.5003%,0.3925%,0.4900%,0.5728%,-0.5656%,-1.3089%,-0.5049%,0.3425%,0.5172%,0.4032%,-0.6080%,-1.1431%,-0.7227%,0.5755%,0.6916%,0.4608%
1964-11-30,0.9882%,0.2747%,0.2305%,0.1172%,-0.1305%,1.3495%,0.5782%,0.9884%,0.6311%,0.5034%,0.1377%,1.4490%,0.5867%,0.9556%,0.0786%,0.7753%,-0.0631%,1.3252%,0.6212%,1.1836%
1964-12-31,-0.1605%,-0.2038%,-0.6501%,0.0469%,0.0252%,-0.7553%,0.7467%,-0.0800%,-0.8150%,-0.0213%,0.2007%,-0.8270%,0.2806%,0.1886%,-0.6915%,-0.0735%,0.1449%,-0.7993%,0.3081%,0.0371%
1965-01-31,-0.3999%,-1.9744%,-1.2994%,-1.8349%,-2.7802%,-0.3322%,-0.0089%,-1.8130%,-1.2233%,-1.5518%,-2.6523%,-0.2959%,0.5931%,-1.7249%,-1.6527%,-1.5295%,-2.7707%,-0.6878%,0.2626%,-1.8059%
1965-02-28,2.7977%,-0.6805%,-0.9698%,-0.7086%,-0.6389%,2.1609%,3.9567%,2.4918%,-0.9775%,-0.5568%,-0.6418%,2.1788%,3.7652%,2.5145%,-1.0205%,-0.3879%,-0.6525%,2.1388%,3.9458%,2.5068%
1965-03-31,1.2023%,0.5239%,0.2862%,0.3764%,1.0610%,0.9343%,1.3044%,1.7091%,0.4246%,0.3086%,1.0033%,0.9139%,1.5267%,1.4925%,0.3126%,0.3515%,0.9192%,1.0003%,1.4481%,1.6068%
1965-04-30,0.6742%,-0.3227%,-1.2373%,-0.5467%,0.0667%,0.5048%,0.3720%,1.8088%,-0.5072%,-1.1130%,-0.1147%,1.1662%,-0.5951%,1.5587%,-0.9175%,-0.3501%,0.3012%,-0.0016%,0.2875%,1.2171%
1965-05-31,-1.2081%,-0.8669%,-0.9372%,-0.4039%,-1.2422%,-1.4507%,-0.4383%,-1.7556%,-0.9494%,-0.4076%,-1.0114%,-1.5102%,-0.5371%,-1.5723%,-1.1967%,-0.3244%,-1.1159%,-1.8364%,-0.3776%,-1.7556%
1965-06-30,2.1426%,-0.1436%,-0.7814%,0.6408%,0.7322%,1.1069%,2.8628%,2.6205%,-0.5587%,0.7867%,0.5320%,1.4749%,2.7868%,2.5657%,-0.6698%,-0.0315%,0.2630%,1.2322%,3.3137%,2.1650%
1965-07-31,-2.5258%,0.0509%,0.1205%,-0.1687%,0.0413%,-2.1198%,-3.0853%,-2.1990%,0.2577%,-0.0415%,-0.0779%,-2.1198%,-2.9673%,-2.4554%,0.1705%,-0.0521%,0.0413%,-2.1198%,-2.9725%,-2.2490%
1965-08-31,2.9680%,1.9679%,1.2483%,0.5655%,1.4715%,3.1058%,1.5004%,3.3289%,1.5266%,-0.0111%,1.8433%,3.0066%,2.7792%,3.3234%,3.0102%,1.3451%,1.5899%,3.9026%,1.9653%,2.4823%
1965-09-30,1.8260%,1.5096%,1.3927%,0.6295%,0.3454%,1.9076%,1.3145%,0.8603%,1.4723%,0.7109%,-0.5060%,2.8823%,1.6340%,0.9040%,3.1009%,0.6586%,0.8262%,2.4580%,1.3115%,0.1833%
1965-10-31,3.5097%,2.9465%,3.4254%,1.2709%,1.6262%,3.3216%,3.2619%,1.5224%,3.6685%,1.3579%,1.1352%,5.1799%,2.6934%,2.6465%,4.6701%,1.5759%,2.6851%,3.5942%,3.1209%,1.6092%
1965-11-30,3.6971%,4.4179%,6.8949%,2.2685%,2.4260%,3.3930%,1.9776%,-1.0759%,4.0687%,2.0914%,2.4284%,4.0321%,4.8915%,2.3918%,7.1353%,3.4493%,2.6815%,5.2646%,2.1190%,0.8108%
1965-12-31,2.1862%,1.7271%,-0.0684%,0.1257%,0.9619%,1.9793%,1.4091%,3.0097%,1.5919%,-0.0471%,1.0577%,3.0151%,1.5524%,2.4808%,2.5221%,1.0099%,1.6513%,2.3588%,1.4156%,1.4879%
1966-01-31,4.3389%,2.3905%,3.1638%,0.7423%,-0.4185%,5.6613%,4.6109%,2.0791%,2.1870%,0.6072%,-0.6925%,6.0077%,4.3213%,3.1283%,4.2138%,2.0928%,0.8280%,5.5577%,4.2050%,2.1719%
1966-02-28,4.5356%,3.9178%,5.1327%,1.3468%,1.5738%,4.0885%,3.1277%,0.5297%,2.8083%,0.5720%,1.1321%,5.7648%,4.0542%,4.0887%,5.2289%,2.7350%,3.7525%,4.4165%,2.5009%,2.9402%
1966-03-31,1.9925%,1.8079%,1.3699%,0.9397%,0.5986%,2.1846%,0.2854%,1.4133%,1.6314%,0.8336%,1.8001%,2.2152%,1.0949%,2.3839%,1.7349%,2.0095%,1.6043%,1.6564%,0.1073%,1.5258%
1966-04-30,3.2322%,2.7820%,1.8780%,0.6046%,2.3536%,2.1026%,2.0013%,2.5782%,1.8866%,0.5953%,1.8146%,3.2118%,3.1429%,3.1398%,2.2339%,3.3765%,2.6051%,2.4270%,1.6932%,2.7982%
1966-05-31,-3.6245%,-3.9425%,-5.2528%,-1.7446%,-1.3010%,-4.3056%,-1.3082%,-0.3537%,-5.7662%,-1.2098%,-2.2482%,-5.8898%,-2.6987%,-2.3718%,-6.2473%,-2.9684%,-2.7559%,-4.8946%,-1.1962%,-1.4031%
1966-06-30,-2.2465%,1.6942%,0.2461%,-0.3176%,0.1674%,-2.5700%,-0.3675%,-2.6487%,1.8145%,-0.1725%,1.8755%,-2.8814%,-0.9219%,-2.8205%,1.5570%,1.5314%,1.9856%,-3.0231%,-0.1945%,-2.5944%
1966-07-31,-1.2872%,-1.1723%,-0.4605%,-0.9776%,-0.6726%,-1.0003%,-0.6547%,-1.2124%,-0.3151%,-0.6641%,-0.7951%,-1.0943%,-1.0328%,-1.5743%,-0.7929%,-1.8625%,-0.8379%,-0.8896%,-0.6926%,-0.9346%
1966-08-31,1.6638%,-1.8880%,-1.5072%,-1.1876%,-1.4499%,1.4988%,0.4365%,1.5561%,-1.7008%,-1.2545%,-1.5900%,1.7526%,1.3638%,1.8634%,-1.0021%,-2.9776%,-1.6290%,1.6557%,0.3813%,1.0289%
1966-09-30,1.5632%,-3.4807%,-2.0696%,-4.0918%,-3.6126%,1.3842%,-0.5550%,-0.1588%,-2.5111%,-3.6256%,-3.7251%,2.1287%,2.0402%,0.9148%,-2.9592%,-2.5927%,-4.8574%,1.5121%,-0.2332%,-0.3861%
1966-10-31,7.3038%,-6.2206%,-5.1147%,-1.7564%,-2.9219%,4.6561%,3.9373%,6.8489%,-4.4322%,-1.5772%,-4.2043%,7.2891%,7.4754%,7.5170%,-6.5156%,-6.0284%,-6.1363%,5.5763%,4.3068%,5.9556%
1966-11-30,-8.8901%,7.8835%,4.5520%,1.4014%,10.8845%,-7.4146%,-7.1158%,-1.0821%,3.5781%,0.7665%,7.2304%,-11.7560%,-8.3574%,-8.1037%,7.3550%,6.6594%,9.6031%,-8.3155%,-6.9066%,-6.0674%
1966-12-31,-1.0341%,0.0230%,0.1310%,0.5520%,-0.5805%,0.3364%,-2.8162%,-0.3752%,1.0530%,0.7883%,0.9969%,-0.7617%,-1.5518%,-0.8179%,0.8035%,0.3050%,-0.9906%,0.5572%,-2.7696%,-1.2368%
1967-01-31,1.9053%,2.9217%,7.8537%,-1.6206%,2.8962%,5.8708%,-0.4414%,0.9134%,7.2553%,-1.3113%,2.6302%,5.4843%,-0.2508%,0.8592%,6.9900%,-1.1416%,3.1710%,5.5159%,0.0612%,1.6969%
1967-02-28,1.5764%,3.4031%,3.2209%,2.3505%,4.1376%,0.1872%,1.4557%,1.1039%,2.7394%,1.4245%,3.9873%,0.2624%,2.4379%,1.5102%,2.8580%,3.2397%,4.1118%,-0.0550%,1.5101%,1.1988%
1967-03-31,1.5972%,-1.0038%,-1.1583%,-1.0044%,-0.8554%,1.7491%,2.2722%,2.0520%,-1.1767%,-0.7700%,-0.8832%,1.8035%,2.1310%,2.0970%,-0.9734%,-0.9802%,-0.9956%,1.8679%,2.1428%,1.8458%
1967-04-30,4.2642%,-3.6658%,0.1363%,-1.2101%,-1.3090%,5.3964%,2.4378%,3.9511%,-0.2877%,-1.4573%,-2.3207%,5.0332%,5.3596%,3.0002%,-2.2553%,-4.4186%,-4.1847%,4.1086%,1.3715%,2.1792%
1967-05-31,-0.4284%,-0.5332%,0.7505%,-2.2815%,-0.4188%,0.3259%,-0.6733%,-0.8434%,-0.6838%,-2.3849%,0.1537%,-0.7235%,-0.8587%,0.1140%,-1.3598%,-0.1927%,-0.1181%,-1.7850%,-0.6176%,-0.5434%
1967-06-30,1.5525%,-2.0436%,-3.2276%,-0.9458%,-1.9762%,0.5572%,3.2750%,1.8086%,-3.2569%,-0.9827%,-2.3856%,0.7633%,2.9309%,1.6346%,-2.6697%,-1.1390%,-2.3064%,1.0283%,3.4203%,1.3916%
1967-07-31,1.7791%,-3.1535%,-3.3009%,-2.0906%,-5.5725%,-0.0295%,1.3669%,-2.3011%,-0.5843%,-2.1249%,-3.7462%,3.1585%,2.5082%,-0.0034%,-4.2138%,-0.9135%,-4.3313%,1.1027%,1.0707%,0.9853%
1967-08-31,0.1063%,0.2439%,-0.3996%,0.7954%,0.4105%,-0.4452%,0.4738%,0.3648%,-0.3867%,0.6737%,0.4105%,-0.4260%,0.3737%,0.3712%,-0.5332%,0.8543%,0.4105%,-0.4919%,0.4327%,0.4517%
1967-09-30,-0.6602%,-0.0195%,-0.3450%,-1.4510%,1.0832%,-1.0289%,-1.0330%,0.3992%,-0.2349%,-1.1285%,1.1553%,-1.1019%,-1.1670%,0.2884%,-0.2416%,-1.3234%,1.5064%,-1.2964%,-0.4993%,0.4516%
1967-10-31,3.7259%,2.2969%,1.3368%,2.1859%,0.5534%,4.1820%,2.6994%,3.3986%,1.4348%,2.1827%,-0.3499%,4.9815%,3.2823%,3.1968%,2.5243%,2.0672%,2.2991%,3.3831%,2.4529%,3.1579%
1967-11-30,1.2282%,0.7152%,0.3635%,0.1866%,0.0769%,1.4261%,0.9050%,1.1395%,0.5268%,0.2733%,0.2624%,1.3789%,1.2383%,1.1145%,0.9948%,0.6637%,0.4870%,1.5051%,0.8866%,0.9973%
1967-12-31,-0.5264%,1.5646%,0.7862%,2.8663%,1.5296%,-1.4490%,-0.1646%,-0.7056%,0.7069%,2.8761%,1.3643%,-1.2583%,-0.0159%,-0.6009%,0.7210%,2.1085%,1.8643%,-1.7240%,-0.0296%,-0.5807%
1968-01-31,2.3851%,-4.8679%,-5.8699%,-7.9637%,-2.7953%,2.9054%,0.6483%,5.9801%,-6.0109%,-7.9842%,-1.6044%,1.3674%,0.0963%,5.7739%,-5.2003%,-6.8750%,-2.5285%,3.9452%,1.3299%,6.6171%
1968-02-29,3.0291%,-3.6948%,-2.8558%,-3.5486%,-3.0398%,1.0879%,1.3482%,0.9039%,-2.2403%,-2.3587%,-2.3694%,2.7029%,3.0753%,2.5738%,-4.1965%,-3.3982%,-3.4898%,0.5189%,1.2181%,1.2256%
1968-03-31,-3.0334%,2.2673%,0.5429%,1.3758%,-0.3836%,-3.1085%,-1.5576%,-4.0350%,0.2704%,1.4987%,0.6047%,-2.8263%,-3.6093%,-2.4920%,1.6200%,3.9878%,1.1940%,-1.6667%,-1.7818%,-2.0927%
1968-04-30,6.9213%,7.8188%,5.9683%,5.7588%,2.5693%,7.5535%,4.5210%,4.1545%,4.2902%,4.6692%,5.4343%,6.1135%,7.5065%,7.2576%,5.9238%,8.7335%,8.7990%,1.8137%,3.0216%,4.6890%
1968-05-31,4.8938%,4.7455%,1.0562%,2.0074%,,,2.1465%,4.6278%,2.0826%,1.6325%,2.4714%,4.9628%,4.3979%,5.3516%,4.7422%,4.8247%,4.6697%,2.8594%,1.7673%,2.7869%
1968-06-30,-3.4038%,-4.5826%,-7.2299%,-4.2493%,-2.0375%,-2.5617%,-0.8096%,2.6307%,-1.5221%,-3.3540%,-3.3994%,-2.1857%,-3.9298%,-4.0630%,-5.6584%,-4.6005%,-3.4889%,-1.0137%,-0.7678%,1.1557%
1968-07-31,5.3345%,-5.2163%,-0.9245%,-1.5969%,-4.5499%,5.6203%,3.2180%,1.9949%,-3.6059%,-0.6685%,-0.6769%,3.9573%,5.4072%,6.8863%,-5.7769%,-4.7003%,-5.1716%,3.2511%,2.6031%,3.8565%
1968-08-31,-0.4892%,0.6889%,0.9648%,0.3130%,0.7662%,-0.5416%,-0.1351%,-0.7403%,0.9679%,0.3114%,0.7400%,-0.4934%,-0.2120%,-0.7213%,0.9601%,0.2755%,0.8312%,-0.5499%,-0.1514%,-0.6788%
1968-09-30,3.6254%,0.5343%,0.2140%,0.3175%,0.3786%,3.8886%,3.1913%,4.0531%,0.2039%,0.1051%,-0.0854%,4.0048%,3.4415%,3.7155%,0.5746%,0.5003%,0.5279%,4.0503%,2.4847%,4.0036%
1968-10-31,1.8652%,0.8816%,1.3100%,1.5767%,0.5782%,2.1550%,2.1898%,1.4233%,1.1654%,1.1375%,0.5758%,1.8136%,2.6669%,1.2240%,1.2704%,0.6549%,0.7196%,1.9786%,2.1898%,1.4278%
1968-11-30,-2.4172%,0.2107%,-1.5335%,0.5643%,0.4939%,-3.4313%,-2.2059%,-1.4038%,-1.8139%,1.5061%,0.5695%,-3.9308%,-1.8135%,-1.5474%,-1.3509%,1.3033%,0.6115%,-2.8995%,-1.8891%,-0.9371%
1968-12-31,0.3509%,1.1612%,1.2989%,1.0534%,1.1275%,0.6145%,-0.6278%,0.4430%,1.5661%,0.8577%,1.1554%,0.9479%,-0.5949%,0.5372%,1.3521%,0.7247%,1.4340%,0.7654%,-0.6687%,0.8473%
1969-01-31,1.3734%,0.5814%,0.7472%,-0.5689%,0.8421%,0.6665%,2.1275%,0.7615%,0.8165%,-0.5732%,-0.0606%,1.4415%,2.0707%,0.5643%,0.2422%,0.8902%,0.5925%,0.4896%,1.9829%,0.8399%
1969-02-28,-0.0821%,-1.5507%,-0.1448%,-2.8920%,-1.4307%,0.5550%,-0.4783%,-0.7309%,-0.8320%,-3.4617%,-1.3468%,-0.1516%,0.5332%,-0.6664%,-0.8446%,-2.7354%,-0.9980%,-0.6491%,-0.8255%,-0.8024%
1969-03-31,1.5612%,-0.0624%,0.6495%,0.8719%,1.0067%,1.8944%,1.5963%,2.2516%,0.5854%,0.9699%,0.7508%,1.5601%,1.4076%,1.7255%,0.0743%,-0.4463%,0.2089%,1.3016%,1.3838%,1.4362%
1969-04-30,0.6165%,-1.6700%,-1.8413%,-1.3134%,-1.7415%,-0.1724%,0.6095%,-0.0726%,-1.2058%,-1.2438%,-1.6033%,0.7317%,0.7079%,0.3342%,-1.8697%,-1.6043%,-1.5400%,-0.2540%,0.6035%,0.0757%
1969-05-31,0.2467%,-0.2006%,-1.9021%,0.4090%,-0.1546%,-1.5679%,0.7214%,0.1796%,-1.0828%,0.2990%,1.3835%,-1.1145%,0.4041%,1.3519%,-0.6079%,-0.1027%,0.1027%,-0.1852%,0.7794%,0.5254%
1969-06-30,1.1666%,-3.5690%,-6.1995%,-3.2015%,-2.0643%,-1.5396%,1.9213%,2.5957%,-6.5208%,-3.3338%,-2.3525%,-1.2368%,1.5615%,2.9315%,-5.7646%,-3.5870%,-1.3543%,-1.6815%,1.7690%,2.7287%
1969-07-31,3.2148%,-2.4003%,0.4521%,-0.4468%,-1.5548%,4.3262%,1.6345%,2.3193%,-0.6696%,-0.6098%,-1.3665%,3.2385%,3.8872%,2.5415%,-2.4753%,-2.0095%,-2.8273%,3.2926%,1.9379%,2.9407%
1969-08-31,-0.7383%,-1.5238%,-2.8767%,-4.0539%,-0.1978%,-2.7339%,-0.4777%,-0.0550%,-1.8692%,-3.8883%,0.2010%,-1.5133%,-1.1252%,0.5569%,-2.2443%,-2.5339%,0.2700%,-4.2180%,-0.2338%,-1.7037%
1969-09-30,3.0738%,-3.2975%,-3.1693%,-1.0423%,-2.2178%,1.9178%,0.4483%,2.8694%,-4.0571%,-0.9707%,-1.6684%,1.6539%,3.6389%,4.0425%,-3.4517%,-3.1187%,-3.3333%,2.3632%,0.4202%,2.4816%
1969-10-31,1.9259%,-2.8567%,-1.8237%,-2.8517%,-2.4304%,1.5182%,0.0243%,0.9116%,-1.9429%,-2.4806%,-1.1353%,0.5551%,3.8234%,1.3627%,-3.2934%,-1.8688%,-3.4696%,1.6135%,-0.1119%,1.4373%
1969-11-30,-0.0690%,1.4179%,1.9099%,1.6291%,0.8041%,0.4085%,0.7364%,-0.6973%,1.8645%,1.5674%,0.5925%,0.4028%,0.2345%,-0.8692%,1.7148%,1.3407%,1.2032%,0.0045%,0.9425%,-0.5072%
1969-12-31,4.9906%,2.5495%,2.3405%,1.0669%,-0.8258%,6.6694%,4.6660%,3.5031%,2.1673%,0.4632%,-0.1078%,6.3664%,4.5349%,4.0914%,4.5131%,2.9133%,0.1992%,6.1564%,3.3791%,1.8425%
1970-01-31,1.2346%,1.2021%,,1.0486%,0.8565%,1.0381%,-0.4514%,,0.1529%,-0.1252%,2.5592%,0.2606%,0.6578%,2.6669%,0.3028%,0.8166%,2.5112%,0.5076%,-0.7194%,2.7159%
1970-02-28,0.6923%,-1.7760%,-2.3945%,-2.5089%,-0.7422%,-0.2562%,1.2120%,1.3962%,-2.8579%,-2.2811%,-0.8042%,-0.5940%,1.1452%,1.4597%,-2.5990%,-2.1375%,-0.5690%,-0.2409%,1.3424%,1.7890%
1970-03-31,3.0027%,-1.0586%,-0.1143%,0.1090%,0.8522%,3.3091%,0.8789%,4.2757%,-0.5869%,0.2209%,0.1042%,2.5769%,3.1625%,3.2680%,-1.2921%,-1.8721%,-0.1101%,2.9501%,1.4498%,4.1321%
1970-04-30,6.5898%,1.2319%,3.2667%,1.1347%,2.1332%,8.5831%,4.5581%,7.4496%,2.6395%,1.1221%,1.9566%,7.9918%,4.5052%,7.3088%,2.3294%,-0.5304%,1.7408%,8.0269%,4.3942%,7.4383%
1970-05-31,6.7114%,-1.5793%,0.6059%,-1.9771%,0.2029%,7.4205%,5.8141%,7.0174%,-0.2941%,-2.1707%,-0.7897%,7.4253%,5.8397%,6.9297%,-0.8410%,-3.5578%,-0.4418%,6.7383%,5.7065%,7.1376%
1970-06-30,-0.1564%,1.0889%,1.6893%,2.0888%,1.4256%,0.9793%,-1.3624%,0.7155%,1.9903%,0.8549%,2.7254%,0.0268%,-1.2516%,0.7619%,2.0567%,-1.8321%,3.1633%,-0.5798%,-2.1192%,0.5268%
1970-07-31,-4.2213%,-2.9421%,-1.7689%,-3.8428%,-3.2978%,-3.6003%,-3.2791%,-5.1292%,-2.4977%,-3.5058%,-2.8119%,-4.4378%,-3.4124%,-4.7520%,-1.8750%,-3.0255%,-3.8023%,-2.9241%,-2.5280%,-4.8515%
1970-08-31,0.5009%,-2.3785%,-2.5790%,-2.4794%,-2.1302%,-0.4890%,-0.2636%,-0.0402%,-2.2949%,-1.9963%,-2.3890%,0.5651%,0.5287%,0.4710%,-2.2686%,-2.0412%,-2.8474%,0.1749%,-0.3071%,-0.4038%
1970-09-30,3.0581%,-3.1361%,-3.5169%,-2.0252%,0.5040%,0.2387%,0.6987%,4.2596%,-7.0425%,0.1473%,0.3376%,0.0344%,1.7526%,7.4145%,-10.4497%,1.5223%,-0.9985%,0.1499%,1.3081%,9.6011%
1970-10-31,-3.3555%,3.2262%,3.8830%,0.4991%,2.2211%,-0.9587%,-1.9087%,-2.6206%,5.1881%,0.6837%,0.7143%,-1.8317%,-2.0295%,-6.3055%,6.1184%,1.4612%,2.3177%,-1.5310%,-1.4247%,-5.3316%
1970-11-30,1.3098%,1.7255%,2.3713%,0.2791%,1.1761%,1.5887%,-0.6946%,0.3935%,2.3172%,0.3193%,2.2126%,1.4291%,1.1248%,1.3245%,2.6524%,1.1703%,1.3540%,2.1117%,-0.5520%,0.8134%
1970-12-31,-0.0951%,0.0367%,-0.9820%,0.2309%,1.0020%,-1.0965%,-0.0858%,0.8874%,-2.5510%,0.6477%,0.4840%,-2.3182%,1.2340%,0.7167%,-0.8319%,0.1453%,0.7894%,-1.1136%,-0.0875%,0.5077%
1971-01-31,0.9054%,-3.0738%,-2.4857%,-1.9324%,-5.7661%,2.2043%,0.7320%,-1.0761%,-1.4075%,-2.6573%,-5.3758%,2.7859%,1.2391%,-1.1823%,-2.8290%,-0.8790%,-5.6374%,2.7792%,0.5587%,-0.0293%
1971-02-28,0.0143%,-1.8554%,-1.9187%,-1.8745%,-2.1019%,-0.0312%,-1.6734%,-0.2145%,-2.2828%,-1.2650%,-2.0799%,0.6243%,-1.2812%,0.8271%,-2.2776%,-1.8402%,-1.4609%,-0.3475%,-1.7783%,0.4692%
1971-03-31,3.2090%,-3.4494%,-1.8388%,-2.9403%,-3.1468%,2.9184%,2.0083%,1.6104%,-2.3251%,-2.7958%,-2.1871%,3.3239%,2.9311%,3.4619%,-2.5334%,-4.3755%,-3.4284%,2.0269%,1.9836%,1.1318%
1971-04-30,-0.3671%,-0.9451%,-0.3793%,-1.5828%,-1.4035%,-0.1426%,-0.6723%,-1.1669%,-0.5666%,-1.5828%,-1.3613%,-0.2231%,0.1565%,-1.0178%,-0.5073%,-1.0225%,-1.2507%,-0.6519%,-0.8862%,-1.3953%
1971-05-31,0.3603%,-0.5344%,0.1219%,-0.2677%,-1.6294%,1.0940%,0.3626%,-0.6573%,0.0107%,-0.4168%,-1.3405%,1.1014%,0.2761%,-0.2498%,0.4909%,-0.4023%,-1.6745%,1.2039%,0.3324%,-0.9615%
1971-06-30,2.0683%,0.0864%,-0.1460%,-0.0305%,-0.3064%,2.2309%,2.0109%,2.0706%,-0.1253%,-0.3610%,-0.1900%,2.0556%,2.1508%,1.9909%,-0.1684%,0.7138%,-0.3803%,2.2331%,1.9625%,2.0213%
1971-07-31,-0.3208%,-4.1386%,-4.0002%,-4.4269%,-4.5356%,-1.3163%,0.6994%,-1.8517%,-3.9524%,-4.5287%,-4.1464%,-1.0588%,1.4013%,-1.2528%,-3.6014%,-3.9465%,-4.8181%,-1.0474%,0.4919%,-2.2641%
1971-08-31,-3.4414%,2.2724%,0.7004%,-0.0174%,0.4503%,-3.2628%,-2.7832%,-3.5128%,0.3889%,0.3460%,1.4881%,-4.1696%,-3.1370%,-3.0704%,1.5680%,2.5243%,2.7726%,-3.6646%,-2.1530%,-2.4600%
1971-09-30,-1.9198%,-2.6683%,-3.3350%,-0.7487%,-2.9454%,-0.9750%,-1.2454%,-0.5853%,-2.1586%,-1.5004%,-1.9134%,-1.1839%,-3.5023%,-0.9386%,-2.8602%,-2.5983%,-2.5202%,-1.2992%,-0.5233%,-0.9592%
1971-10-31,4.4144%,-2.7861%,-2.6886%,-1.0224%,-1.5377%,3.1017%,4.3156%,4.2526%,-2.2376%,-1.2425%,-1.5583%,3.8379%,4.9027%,4.5173%,-2.3833%,-4.4762%,-1.5365%,3.1219%,4.0293%,3.9686%
1971-11-30,-0.7976%,-0.9667%,-1.8864%,-0.4039%,-1.6827%,-1.2031%,-2.6050%,-0.9995%,-2.6017%,-0.3359%,-2.3035%,-0.5871%,-1.4189%,-0.2889%,-0.9519%,-0.6120%,-1.3521%,-0.3652%,-2.4046%,-0.7654%
1971-12-31,-1.5962%,1.8296%,1.6776%,1.1879%,1.4401%,-1.9957%,-0.9090%,-2.2332%,1.7833%,1.2675%,2.0323%,-2.4801%,-1.3014%,-2.2311%,2.1316%,1.6686%,1.7652%,-1.9381%,-0.8339%,-2.3045%
1972-01-31,1.6116%,2.9186%,5.8738%,1.4996%,1.2984%,2.5234%,-0.4526%,-2.0520%,4.8540%,1.1503%,2.0972%,4.0466%,-0.0424%,1.2898%,5.6259%,0.5326%,2.7035%,3.7692%,-0.4143%,0.8468%
1972-02-29,0.0898%,3.4567%,3.2131%,3.7937%,3.2802%,-0.0153%,2.0969%,0.0519%,3.3956%,3.2697%,3.6482%,-0.7209%,1.1768%,-0.4683%,2.6532%,4.6964%,2.9300%,0.2374%,2.1645%,0.5142%
1972-03-31,1.0604%,0.9859%,1.8649%,0.0475%,0.0930%,1.4225%,0.1580%,-0.3494%,1.2711%,0.0992%,1.1296%,1.5449%,0.2154%,1.4034%,1.2308%,0.3126%,1.4090%,1.2837%,0.4418%,1.4619%
1972-04-30,0.1862%,2.6972%,3.4763%,2.5667%,2.2950%,0.4694%,-0.4356%,-0.7119%,3.0254%,2.6075%,2.6185%,0.5405%,-0.1460%,0.1337%,3.0861%,2.6032%,2.4172%,0.5413%,-0.2291%,-0.1275%
1972-05-31,-0.7165%,-0.0049%,-0.3441%,2.9674%,-0.2466%,-1.2564%,0.4162%,-1.1588%,1.1260%,3.1978%,0.2131%,1.1826%,-4.3957%,0.2697%,0.2322%,-0.6362%,0.5007%,-2.4022%,1.1026%,-2.1336%
1972-06-30,0.9508%,3.1715%,3.6851%,2.9362%,2.4352%,0.7889%,-0.0345%,-0.4611%,3.3455%,3.1533%,2.3187%,1.5022%,0.8756%,0.4754%,3.2506%,4.7323%,1.5040%,0.5901%,0.4116%,-1.1565%
1972-07-31,3.0490%,1.7752%,0.7563%,0.5212%,1.0106%,2.4795%,2.8703%,2.7337%,1.0256%,-0.4009%,-0.5581%,3.3582%,4.0141%,1.7745%,1.5510%,1.9858%,1.6984%,2.8143%,2.5200%,2.9617%
1972-08-31,-2.7951%,-5.1938%,-5.4733%,-4.8748%,-5.3899%,-3.1634%,-2.7879%,-3.0800%,-5.9685%,-4.1529%,-5.8486%,-3.2510%,-2.4012%,-3.1310%,-6.0209%,-3.8676%,-5.6653%,-3.4167%,-2.5611%,-3.0612%
1972-09-30,-0.6490%,-0.0575%,,-1.0820%,-1.9930%,,-1.8820%,-2.3201%,0.2743%,-1.0590%,0.6339%,-1.3889%,0.3652%,-1.0293%,0.4538%,-0.6595%,0.1221%,-1.5522%,-1.1082%,-1.8839%
1972-10-31,1.1002%,-1.6084%,-1.3416%,-1.4574%,-1.6188%,0.9507%,1.2165%,0.6734%,-1.2102%,-1.7699%,-1.7139%,1.1739%,1.5406%,0.6703%,-1.8378%,-1.5124%,-1.5104%,0.6827%,1.1417%,1.0101%
1972-11-30,0.7802%,-3.1519%,-1.2361%,-3.8744%,-3.6047%,1.6168%,-2.1644%,-0.7518%,-2.5649%,-4.1425%,-4.8403%,2.0017%,0.6126%,-0.2737%,-2.8082%,-4.4386%,-2.2089%,-1.0028%,-2.4017%,-0.4035%
1972-12-31,-4.0367%,2.6050%,0.5925%,0.5807%,2.6280%,-4.7881%,-2.5484%,-2.7526%,1.4043%,0.9602%,2.0569%,-4.4249%,-3.9131%,-3.7722%,1.1513%,3.7095%,2.9541%,-4.7198%,-2.5131%,-2.9170%
1973-01-31,4.2104%,0.1965%,-2.0328%,-2.5598%,-4.9240%,7.3760%,7.0149%,4.4848%,-0.6596%,-2.6012%,-5.0392%,7.4078%,2.1950%,3.0282%,-0.6451%,0.6256%,0.6090%,3.4769%,5.5119%,4.7309%
1973-02-28,4.1240%,3.2001%,2.1212%,1.1904%,2.3410%,2.8381%,3.4264%,3.0579%,1.0756%,1.0798%,1.7794%,3.8114%,4.0453%,4.5153%,2.1148%,3.4736%,4.0118%,2.2077%,2.6401%,4.1047%
1973-03-31,1.6133%,1.3745%,0.9638%,0.2028%,1.3190%,0.8540%,1.1218%,1.2092%,0.9474%,0.1264%,0.9178%,1.7391%,1.3911%,1.7095%,1.5660%,1.0187%,1.5388%,1.3239%,1.2349%,1.2966%
1973-04-30,5.4057%,3.3317%,1.1163%,-0.2389%,2.3405%,4.1552%,3.9427%,5.3794%,0.7820%,-1.0394%,3.0856%,4.7610%,4.3915%,7.0646%,2.7364%,3.5505%,3.7082%,4.6087%,3.9289%,5.5805%
1973-05-31,3.3422%,3.0624%,1.9360%,2.6785%,1.7273%,3.3398%,1.5238%,3.1311%,3.9285%,1.3967%,3.0042%,4.9667%,1.0174%,4.0424%,2.0262%,3.4684%,3.6926%,2.2402%,1.0179%,3.9066%
1973-06-30,3.0704%,1.1326%,1.2343%,1.4638%,1.0096%,3.6398%,2.0628%,3.4151%,1.2343%,1.3427%,0.9366%,3.7336%,2.0417%,3.4359%,1.2343%,1.4276%,0.7359%,3.8941%,1.8609%,3.3957%
1973-07-31,-8.5825%,-5.1265%,-1.9241%,-4.3924%,-2.7362%,-8.6420%,-5.9675%,-9.4541%,-2.0867%,-3.5792%,-3.8027%,-8.7783%,-6.4749%,-10.4943%,-4.2755%,-4.7314%,-6.3725%,-7.2222%,-5.9449%,-9.3193%
1973-08-31,-0.9068%,0.2723%,-1.3030%,-0.5716%,0.8053%,-2.2662%,-0.6843%,-0.1580%,-1.1651%,-0.4438%,0.7049%,-1.8892%,-0.8118%,-0.0193%,-0.2918%,0.0468%,1.0617%,-1.7096%,-0.8042%,-0.3561%
1973-09-30,-2.9971%,-5.4377%,-5.8600%,-5.1304%,-4.2034%,-3.1655%,-1.2573%,-1.5090%,-6.1253%,-4.9925%,-6.0274%,-3.4614%,-2.1664%,-3.3635%,-5.5666%,-5.4339%,-5.3126%,-3.2369%,-0.1891%,-2.9830%
1973-10-31,-3.0463%,2.2924%,0.3273%,1.3956%,1.6762%,-3.8561%,-2.0140%,-2.5072%,1.4523%,1.2223%,1.2416%,-2.5689%,-3.7904%,-2.7796%,2.3813%,1.4509%,3.0451%,-2.7106%,-1.6784%,-2.0469%
1973-11-30,7.1430%,7.8220%,8.6449%,3.8579%,6.4641%,4.8074%,6.7926%,2.6266%,7.2556%,3.9520%,6.0561%,7.7539%,7.1206%,6.5544%,7.4439%,7.0612%,8.9608%,3.3279%,6.0795%,4.8448%
1973-12-31,-1.2210%,-0.5799%,7.3826%,-3.7599%,1.7574%,-2.3104%,-1.1487%,-7.9357%,3.5692%,-0.7435%,1.5513%,0.5290%,-2.7031%,-1.4889%,1.9045%,-3.0999%,-0.5443%,3.5267%,-0.4458%,1.0779%
1974-01-31,7.7298%,-21.4820%,-24.5072%,-18.7263%,-22.6172%,3.9199%,12.9675%,5.8100%,-19.3636%,-16.1552%,-24.1264%,8.5805%,10.7912%,3.8177%,-24.2806%,-19.0244%,-21.1409%,3.5804%,13.2558%,6.7201%
1974-02-28,-1.0925%,0.2956%,-1.3219%,-0.8677%,1.4729%,-2.0913%,-2.2182%,0.7035%,-0.4315%,-0.6056%,-1.0348%,-0.7289%,-1.2164%,-1.3321%,-0.0225%,1.4660%,-0.5569%,-0.2078%,-1.3894%,-0.7422%
1974-03-31,-0.4819%,1.2264%,3.3102%,0.3821%,0.0563%,1.0926%,-1.2581%,-2.1614%,4.0880%,0.1341%,-0.2879%,1.2718%,0.3866%,-3.1041%,3.1129%,-0.3906%,0.9569%,1.1763%,-1.2274%,-0.9797%
1974-04-30,9.4814%,-2.1940%,-2.7250%,-1.0607%,1.6895%,7.1842%,10.5067%,11.5987%,-2.7250%,-0.0503%,2.2794%,6.5463%,10.3473%,11.5507%,-2.7250%,-2.2385%,-1.6186%,8.2228%,10.1821%,9.3292%
1974-05-31,2.7289%,-3.7788%,-2.1528%,-3.0950%,-4.1507%,3.6857%,0.5464%,1.6878%,-1.4060%,-3.3004%,-4.2795%,4.2097%,2.6408%,1.3363%,-2.7676%,-4.4470%,-4.1220%,2.7101%,0.1321%,1.3557%
1974-06-30,3.2966%,-0.0277%,0.8056%,3.9802%,0.7784%,3.3656%,4.8980%,3.3384%,0.5854%,3.0402%,2.0409%,2.7859%,2.8625%,4.2413%,-0.4348%,-0.5739%,0.9255%,3.2543%,4.9234%,4.6146%
1974-07-31,4.0222%,6.2520%,7.3626%,6.3365%,7.2256%,5.0318%,5.1208%,4.8948%,6.4815%,6.4712%,7.8913%,4.1122%,2.4324%,5.5220%,7.2056%,4.4408%,7.1095%,5.0153%,5.1814%,4.9192%
1974-08-31,7.1896%,-0.3416%,-3.0929%,-3.0677%,-4.5009%,9.3101%,7.9290%,7.9022%,-3.5638%,-2.9557%,-3.2348%,8.3011%,4.6377%,8.6301%,-0.7057%,0.5636%,-0.8829%,8.7915%,5.6087%,8.6143%
1974-09-30,9.7161%,2.2800%,3.8887%,3.1277%,1.2417%,11.1270%,8.2837%,8.4800%,1.4644%,3.5381%,0.6069%,10.0012%,10.0033%,9.1438%,4.2182%,1.9528%,0.6690%,11.9891%,10.5831%,8.4398%
1974-10-31,-15.6560%,-1.9472%,3.1696%,3.4568%,2.4314%,-15.2915%,-18.4548%,-16.0297%,3.8739%,1.6617%,3.5109%,-16.0157%,-14.5736%,-16.3786%,-2.4938%,-4.9474%,1.5997%,-17.6126%,-15.6233%,-13.5190%
1974-11-30,-4.1725%,-0.6956%,-1.7768%,-1.3046%,0.1604%,-4.9283%,-4.4886%,-2.9911%,-1.6222%,-1.3940%,-1.2930%,-4.5605%,-3.7256%,-4.2313%,-2.0506%,-0.9197%,0.8836%,-5.3596%,-4.9886%,-2.4253%
1974-12-31,-23.4818%,7.7726%,2.1048%,5.5535%,-2.4850%,-22.3394%,-21.1792%,-26.9292%,3.2565%,5.7017%,-1.2612%,-24.2760%,-17.3758%,-28.7937%,6.6443%,14.1889%,2.4845%,-21.6632%,-15.8513%,-25.8230%
1975-01-31,2.6759%,3.4264%,3.9821%,4.4996%,3.2574%,4.0297%,0.3784%,3.3049%,3.4782%,3.7335%,4.3977%,3.8640%,-0.6198%,4.7836%,4.0005%,0.8867%,5.3922%,3.5785%,-0.3600%,4.9702%
1975-02-28,-4.0040%,-1.0124%,-1.5353%,-2.9075%,-0.4500%,-5.5596%,-2.0608%,-4.4742%,-2.3068%,-2.8020%,-0.9166%,-5.5413%,-2.3195%,-4.1511%,-2.0552%,-0.9276%,-0.0543%,-6.2470%,-2.4297%,-4.2461%
1975-03-31,2.1528%,-5.6608%,-4.2404%,-7.9197%,-4.2467%,1.8636%,0.9906%,1.8574%,-3.7696%,-7.7063%,-4.2188%,2.3785%,2.1505%,1.9294%,-4.5600%,-8.2221%,-4.2003%,1.5938%,0.4655%,1.9535%
1975-04-30,6.4480%,-7.1762%,-7.4236%,-3.2838%,-3.0310%,1.0469%,1.3926%,5.4394%,-4.6294%,-3.0367%,-4.9433%,7.2678%,5.1221%,6.9540%,-5.2551%,-10.4308%,-5.8426%,1.6442%,0.7231%,1.0568%
1975-05-31,-5.1478%,4.5320%,5.5634%,-1.8718%,3.8719%,-2.2211%,-2.6909%,-3.9125%,5.2333%,-0.6455%,4.2986%,-4.9850%,-4.5387%,-5.9197%,4.4495%,5.0718%,4.0745%,-4.5795%,-2.1730%,-4.9545%
1975-06-30,-0.4233%,-0.3911%,0.8519%,-1.1216%,-0.0561%,-0.0170%,-0.8754%,-0.9251%,0.5031%,-1.7290%,0.4606%,-0.2422%,-0.7430%,-0.2848%,1.0867%,-1.4080%,-0.8519%,1.1145%,-0.9537%,-0.8241%
1975-07-31,2.4786%,1.7635%,2.8643%,-1.1484%,1.5620%,2.1516%,2.4137%,0.8493%,2.4000%,-1.0381%,1.4251%,2.7198%,2.9710%,1.7450%,3.0513%,-0.3699%,2.6091%,2.5417%,2.6875%,2.0995%
1975-08-31,-2.2245%,0.5376%,1.3919%,-0.3266%,2.5173%,-2.6993%,-4.2229%,-1.5738%,1.5303%,-0.1468%,3.2308%,-3.0077%,-2.3586%,-1.3072%,-0.6502%,0.0495%,2.2136%,-2.8375%,-4.0880%,0.0263%
1975-09-30,1.0432%,-0.0258%,-0.3753%,-0.2935%,-0.5192%,1.2805%,1.0823%,1.1367%,0.5435%,-0.1894%,-0.0023%,1.7975%,0.0806%,1.2516%,0.0475%,-0.1954%,0.0706%,1.1703%,1.0469%,1.1934%
1975-10-31,-0.0499%,3.0397%,2.8227%,4.8769%,1.0400%,1.2955%,-0.6521%,-0.4872%,2.8227%,4.7352%,1.2359%,0.7173%,0.0025%,-0.8695%,2.8227%,5.2290%,1.0674%,1.2572%,-0.6521%,-0.4980%
1975-11-30,2.5729%,1.7215%,0.6761%,0.7090%,1.4107%,2.3550%,1.1364%,3.0896%,1.2677%,0.4662%,0.8450%,2.5327%,3.0759%,2.1100%,1.8734%,0.9356%,2.3557%,2.3367%,1.2832%,2.8190%
1975-12-31,-1.2264%,-0.3755%,0.9742%,-0.7374%,0.5178%,-1.5157%,-0.8528%,-1.9722%,-0.2297%,-0.6098%,0.4432%,-1.7563%,-0.8396%,-1.0834%,-0.9141%,-0.0693%,-0.1429%,-1.8120%,-0.9439%,-1.0408%
1976-01-31,1.5535%,4.8461%,3.1048%,5.3160%,5.7457%,-0.2466%,0.8521%,2.3942%,3.5947%,5.2511%,6.0743%,0.5117%,1.1576%,2.9913%,3.8086%,5.2750%,5.4546%,0.0434%,0.8197%,1.6894%
1976-02-29,2.4651%,1.7457%,2.8767%,-3.2631%,2.8831%,1.7915%,1.0287%,1.7979%,3.5385%,-2.3900%,2.7719%,2.8003%,2.5613%,2.0337%,3.2669%,-1.2867%,3.2567%,4.4809%,0.7833%,4.4707%
1976-03-31,2.1381%,-2.1016%,-3.0153%,-1.2564%,-4.2551%,3.5687%,3.4477%,2.3289%,-3.7371%,-0.6412%,-4.3629%,2.5437%,1.9527%,1.9179%,-2.2110%,-1.2786%,-2.8152%,2.4292%,2.5559%,1.8251%
1976-04-30,2.5310%,0.5884%,0.4392%,1.5355%,0.4031%,2.6264%,2.4862%,2.5903%,0.5869%,1.1570%,0.2913%,2.5171%,2.8545%,2.2215%,0.5792%,1.1561%,0.0299%,2.9720%,2.4877%,2.4226%
1976-05-31,0.6683%,-0.3955%,-1.6549%,-0.4106%,0.0173%,0.3355%,0.2978%,2.0077%,-1.2639%,-0.3485%,0.4210%,-0.1686%,0.6570%,1.5163%,-1.0326%,-0.1027%,-0.0513%,0.5660%,0.4810%,1.5473%
1976-06-30,-0.1415%,0.0026%,-0.9172%,0.5955%,0.3916%,-1.0731%,0.6863%,0.2357%,-0.2897%,0.4616%,0.6438%,-0.8652%,0.3723%,0.0683%,-0.4994%,0.4529%,0.0544%,-0.6509%,0.2200%,-0.0971%
1976-07-31,-0.9544%,0.4288%,1.1239%,-0.1418%,0.4511%,-0.7638%,-0.8971%,-1.4365%,1.1239%,-0.0669%,1.2030%,-1.0647%,-0.8129%,-0.9856%,1.1239%,-0.0082%,0.1707%,-0.6471%,-1.0396%,-1.6004%
1976-08-31,4.2776%,-2.8547%,-2.5007%,-1.2508%,-3.2262%,4.6288%,3.4236%,3.9033%,-2.5332%,-0.8643%,-3.2790%,4.7792%,4.0202%,4.0335%,-3.1212%,-1.7473%,-3.6957%,5.0031%,2.9320%,4.4286%
1976-09-30,-1.2621%,-0.1899%,-0.2204%,-0.3589%,-0.6491%,-1.1074%,-1.4676%,-1.5361%,-0.2848%,-0.3255%,-0.6683%,-0.9780%,-1.4467%,-1.3615%,0.2444%,-0.5824%,-0.2317%,-0.8619%,-1.4244%,-1.3380%
1976-10-31,1.8593%,-0.6457%,-0.8618%,-0.7151%,0.9533%,1.0842%,1.5835%,2.8993%,-0.7089%,-0.6783%,0.6098%,1.3879%,1.4832%,2.7067%,-1.9818%,-0.0436%,0.0883%,0.3385%,1.2630%,2.4086%
1976-11-30,0.4132%,2.4110%,1.7769%,2.6676%,3.2680%,0.5087%,-0.0210%,1.9997%,1.0298%,2.9118%,3.5551%,-0.7871%,0.2885%,1.7382%,1.9530%,1.9446%,3.3354%,0.0967%,0.0211%,1.4790%
1976-12-31,2.8269%,3.5347%,2.9094%,1.8888%,3.9979%,1.1065%,1.8451%,2.1949%,2.4422%,1.5460%,4.0557%,1.8982%,3.0707%,3.5117%,3.4687%,2.9273%,4.2081%,1.2246%,1.5023%,1.9640%
1977-01-31,5.3748%,4.0109%,2.9614%,0.0162%,4.0102%,1.8467%,5.3857%,2.8956%,0.6221%,0.3838%,0.8464%,5.1260%,5.6481%,5.3504%,2.9986%,3.9587%,5.0753%,2.5955%,4.5831%,4.6722%
1977-02-28,-0.0681%,0.0808%,-0.1917%,0.3235%,0.3010%,-0.3759%,0.0141%,0.1167%,0.3819%,0.0081%,0.1448%,0.0632%,-0.0936%,-0.1739%,-0.2362%,0.1369%,0.3418%,-0.6027%,0.0720%,-0.0247%
1977-03-31,-0.0323%,0.0311%,0.2398%,0.5265%,-0.6029%,0.3807%,0.1275%,-0.4619%,0.2533%,0.5447%,-0.6093%,0.4385%,-0.1112%,-0.4241%,0.1656%,0.3816%,-0.4539%,0.1308%,0.1700%,-0.4887%
1977-04-30,2.9355%,1.2510%,0.9175%,0.0292%,1.3082%,2.6741%,2.2403%,3.0648%,0.8405%,-0.1583%,1.1122%,2.7881%,2.9587%,3.0598%,1.1449%,0.7756%,1.8325%,2.7534%,2.1885%,3.4410%
1977-05-31,1.6833%,1.3632%,1.3534%,0.9765%,0.9382%,1.7069%,1.5226%,1.2917%,1.3548%,0.7948%,0.7972%,1.9154%,1.7768%,1.3578%,1.5823%,1.3252%,1.1820%,1.7297%,1.3920%,1.3294%
1977-06-30,-0.8257%,-1.2082%,,-0.4885%,-1.2085%,-0.3825%,1.1326%,,-1.0618%,0.1365%,-1.5737%,-0.3603%,-1.2444%,-0.8723%,-0.1782%,-1.2922%,-2.1541%,0.3111%,0.9931%,-1.6647%
1977-07-31,0.3085%,1.2248%,1.0700%,1.4848%,1.6593%,0.2350%,1.0462%,0.8243%,1.1789%,1.4481%,1.1515%,0.3967%,0.1594%,0.3693%,1.3444%,0.9687%,1.3612%,0.5055%,0.9756%,0.5223%
1977-08-31,0.0895%,-2.2510%,-3.9858%,-3.5091%,0.2654%,-1.8322%,1.6367%,2.4189%,-4.1433%,-3.5425%,-1.1488%,-1.4487%,0.1714%,1.5458%,-3.6280%,-2.8610%,-0.2640%,-0.6813%,1.4442%,2.6826%
1977-09-30,-1.1125%,1.2559%,1.1005%,1.1887%,0.6810%,-0.5968%,-0.7468%,-1.0164%,0.7425%,1.0667%,1.1626%,-1.2889%,-1.1798%,-0.8688%,1.3979%,1.4839%,0.8857%,-0.3700%,-0.8094%,-0.8822%
1977-10-31,0.2454%,0.4567%,0.4453%,0.1610%,0.7113%,-0.1432%,0.1301%,0.1227%,0.4129%,0.2075%,0.9519%,0.1168%,-0.0363%,0.6558%,0.2394%,0.7014%,0.4293%,-0.1435%,0.0722%,0.0464%
1977-11-30,0.0887%,1.6116%,2.1871%,1.7746%,1.1210%,0.7982%,-0.9371%,-0.2679%,1.8022%,1.4796%,1.8232%,0.3473%,-0.4493%,0.3683%,2.0536%,1.3650%,1.4160%,0.6613%,-0.3447%,0.0237%
1977-12-31,-0.0067%,0.1669%,0.2241%,0.0746%,0.1971%,0.0693%,-0.2206%,0.0424%,0.2681%,-0.0183%,0.3638%,0.0608%,-0.2375%,0.1566%,0.3591%,-0.3469%,0.4885%,0.0722%,-0.2749%,0.2015%
1978-01-31,0.3733%,1.8205%,2.0466%,1.5893%,1.8418%,0.2373%,-0.0048%,0.0326%,2.2498%,1.6155%,1.9082%,0.5638%,0.3337%,0.2223%,2.0513%,1.6289%,1.7814%,0.2377%,-0.0635%,-0.0322%
1978-02-28,1.3264%,2.3157%,2.7155%,1.8808%,1.1303%,1.7359%,-0.3914%,0.1507%,2.3084%,1.8288%,1.8876%,1.8184%,0.7633%,1.3976%,2.3922%,2.5103%,2.0445%,0.9879%,-0.2271%,0.6402%
1978-03-31,2.2161%,2.0631%,0.7999%,1.1962%,1.6963%,1.5442%,1.3645%,2.4406%,1.8583%,1.1296%,1.7986%,2.1123%,2.4835%,2.0526%,1.9521%,1.5147%,2.7227%,1.4427%,0.7040%,2.2133%
1978-04-30,-1.0327%,-0.2253%,1.0556%,0.3533%,-1.5562%,0.3465%,-1.2758%,-2.2652%,0.7795%,-0.0695%,-1.6270%,0.7054%,-2.1022%,-1.7012%,1.7471%,-0.9428%,-1.4802%,0.9362%,-1.1111%,-2.2911%
1978-05-31,1.5244%,2.5927%,2.6542%,3.0922%,1.3683%,1.1749%,2.1715%,-0.1111%,2.6520%,3.8362%,0.8095%,1.8985%,2.6186%,0.0560%,3.2556%,3.2809%,1.2416%,1.5239%,3.1342%,-0.4901%
1978-06-30,1.4322%,1.5049%,0.5778%,1.5791%,0.8479%,0.9090%,0.9826%,1.1792%,0.3570%,1.5814%,1.1660%,1.1765%,1.1348%,1.9855%,1.2115%,1.3780%,1.9252%,0.0868%,0.8405%,0.8005%
1978-07-31,2.0548%,2.5724%,2.0515%,2.8533%,2.2971%,0.1642%,2.0066%,0.4099%,0.1342%,2.8952%,0.6576%,0.8089%,4.0232%,1.3324%,2.4109%,2.9349%,2.3713%,-0.3689%,2.3325%,-0.4085%
1978-08-31,1.2074%,1.0995%,1.7940%,0.9207%,-0.4516%,2.0041%,1.0816%,-0.2414%,2.3961%,1.0058%,-0.1919%,2.7741%,0.6622%,0.1861%,2.8736%,0.3546%,0.0704%,2.1476%,1.1660%,-0.6556%
1978-09-30,-2.0043%,0.8128%,1.0105%,1.7303%,0.5665%,-1.8583%,-2.1363%,-2.3023%,1.5572%,1.4810%,0.3786%,-1.4390%,-1.9563%,-2.6176%,0.2305%,1.8052%,0.4027%,-2.0627%,-2.3544%,-1.8905%
1978-10-31,5.9746%,-4.9672%,-4.1584%,-3.8637%,-8.4938%,9.7503%,4.0740%,5.4150%,-4.0100%,-3.9874%,-7.3622%,8.7672%,3.7416%,5.4150%,-4.1613%,-3.5092%,-7.2312%,8.4849%,4.4719%,5.4150%
1978-11-30,-3.1920%,2.7867%,0.8393%,0.1905%,1.9960%,-3.3374%,-1.1118%,-2.1808%,1.4607%,0.1399%,2.8844%,-4.1295%,-2.7406%,-2.7058%,2.1317%,2.3106%,3.9178%,-3.9363%,-0.9327%,-2.1501%
1978-12-31,0.6091%,1.6238%,1.4806%,1.7494%,1.4945%,-0.1239%,-0.4368%,-0.1099%,1.6427%,1.7188%,-0.2938%,1.2602%,1.2435%,-0.6763%,1.7429%,1.8401%,1.2883%,0.0545%,-0.1889%,-0.4001%
1979-01-31,-3.4010%,0.4427%,2.3411%,2.5837%,0.7382%,-3.1185%,-4.1081%,-4.7215%,2.3342%,2.8633%,0.9945%,-2.5774%,-3.7085%,-3.9171%,1.1662%,0.9371%,-0.7751%,-2.6151%,-3.9521%,-4.5563%
1979-02-28,0.5593%,-2.3145%,-1.8473%,-2.4354%,-2.5902%,0.7365%,0.1724%,-0.0063%,-1.9804%,-2.3678%,-2.6840%,0.9829%,0.4159%,0.2792%,-2.0788%,-2.2985%,-2.5662%,0.4429%,0.1692%,-0.0445%
1979-03-31,-1.8813%,3.8518%,2.8740%,5.0640%,3.0218%,-0.6900%,1.3249%,-0.5422%,2.3506%,4.0368%,5.2609%,-3.6126%,-1.3291%,-0.7023%,4.1944%,2.7690%,4.5921%,-0.3006%,1.2276%,0.0971%
1979-04-30,1.7280%,1.6460%,0.6282%,1.1534%,0.8886%,1.2411%,0.9371%,1.5015%,1.0727%,1.1253%,0.5290%,2.0193%,1.6891%,1.4756%,1.4155%,2.0079%,1.5145%,0.8388%,1.1317%,0.9378%
1979-05-31,-1.4052%,-0.5855%,0.4413%,-1.1018%,-0.5629%,-1.0015%,-1.3104%,-2.0058%,0.2570%,-0.9192%,-0.4991%,-1.0092%,-1.4412%,-1.7653%,0.0475%,-1.2307%,-0.5734%,-1.0089%,-1.2832%,-1.6299%
1979-06-30,1.1855%,-0.9348%,-1.4555%,-0.1841%,-1.1296%,1.0242%,1.1794%,1.3501%,-1.2520%,-0.5735%,-0.8570%,0.9026%,1.3564%,1.2976%,-1.5599%,-0.1545%,-1.0899%,1.0657%,1.2640%,1.5357%
1979-07-31,1.7308%,-0.9836%,-0.2475%,0.1137%,-0.8160%,1.9982%,1.3073%,1.4298%,0.0593%,0.1688%,-0.8888%,1.8935%,2.3535%,0.9454%,-0.4091%,-1.0936%,-1.4481%,1.9928%,1.1600%,0.9537%
1979-08-31,0.3209%,-1.9153%,-2.4180%,-1.2769%,-2.0992%,0.1928%,-0.0459%,0.5116%,-2.3269%,-1.3290%,-1.9937%,0.2253%,0.1789%,0.5585%,-2.5124%,-1.0162%,-2.2174%,0.2431%,0.1441%,0.5381%
1979-09-30,1.3188%,-0.6220%,-2.4637%,0.3021%,1.0174%,-1.2526%,2.1275%,2.2285%,-0.3852%,0.8319%,0.7414%,0.8500%,1.1300%,1.9765%,0.5121%,-1.0592%,-1.3190%,2.1026%,1.3349%,0.2715%
1979-10-31,1.9145%,0.4813%,0.1209%,-1.0475%,1.2869%,0.6869%,2.8561%,1.8529%,-0.0723%,-1.0755%,1.1447%,1.0809%,2.3649%,2.2978%,0.2956%,0.0194%,1.1290%,1.1202%,2.8038%,1.9537%
1979-11-30,-0.3527%,3.4819%,2.4804%,3.1612%,4.9969%,-0.6805%,-0.0538%,1.8361%,2.5349%,2.7362%,4.9570%,-1.8203%,0.1604%,0.6018%,3.0193%,2.0987%,5.3279%,-1.0275%,-0.1168%,1.2811%
1979-12-31,4.5438%,2.5584%,2.4149%,0.4688%,1.1241%,5.0334%,2.8714%,3.7426%,3.5540%,0.0759%,1.0391%,6.1736%,3.7991%,3.6587%,3.8571%,1.5019%,2.3162%,5.6713%,2.3611%,4.1304%
1980-01-31,4.8709%,1.7710%,1.0889%,0.7533%,0.1936%,5.7545%,3.5295%,4.8592%,1.9637%,0.8921%,0.1084%,5.3650%,5.7378%,3.5098%,1.5820%,2.7059%,1.0251%,5.9927%,3.0713%,5.4359%
1980-02-29,6.2614%,-0.4482%,-2.0130%,-0.7956%,-3.7347%,9.0225%,4.2116%,7.3008%,-1.4163%,-0.9378%,-2.2071%,7.6186%,4.3379%,6.8278%,-0.5518%,1.6268%,-2.4197%,8.8692%,4.0432%,7.0013%
1980-03-31,-7.3999%,-6.5922%,-6.0570%,-6.0682%,-5.6086%,-8.3485%,-4.6027%,-7.9001%,-7.8456%,-6.3856%,-5.0389%,-10.2852%,-4.4361%,-7.4785%,-5.6615%,-7.9142%,-6.2008%,-7.8855%,-5.2172%,-8.4249%
1980-04-30,-0.1280%,0.8031%,0.1514%,-0.0932%,2.4996%,-0.7544%,0.6396%,1.5938%,0.9429%,-0.0481%,1.5343%,-0.4484%,-0.0785%,0.1429%,1.1559%,0.5192%,0.7343%,0.5144%,0.0536%,0.0929%
1980-05-31,0.8778%,-0.1408%,-0.7308%,0.2600%,-0.1413%,0.4141%,1.1904%,1.0036%,-0.7585%,0.4304%,-0.2459%,0.5074%,1.1060%,1.0200%,-0.4336%,0.0344%,-0.0233%,0.3990%,1.2238%,0.8093%
1980-06-30,-0.7402%,1.8433%,2.2456%,1.2069%,1.8510%,-0.1699%,-0.6544%,-0.5645%,2.2838%,1.3669%,2.0263%,-0.5952%,-0.7726%,-0.8528%,1.5775%,2.0299%,1.9224%,-0.4041%,-0.6544%,-0.0593%
1980-07-31,-0.1114%,2.3951%,1.1780%,4.9915%,1.5977%,-0.4032%,-1.9974%,0.0164%,1.9865%,5.0993%,0.9495%,-0.2979%,1.2985%,-1.3349%,2.2295%,3.3919%,1.5638%,-0.8017%,-1.3135%,-1.4674%
1980-08-31,1.3953%,2.4707%,2.9525%,2.2390%,1.7683%,1.1020%,0.8456%,-0.0822%,2.8095%,2.1502%,1.3896%,2.0308%,1.5442%,0.6110%,2.8033%,2.6505%,1.9583%,1.0905%,1.0097%,0.2455%
1980-09-30,4.3535%,4.6858%,3.4429%,2.3976%,3.6442%,2.8784%,1.7903%,3.0797%,2.8452%,2.1318%,3.7330%,3.6876%,4.7974%,4.5755%,3.9846%,5.9266%,4.1462%,2.0528%,2.0320%,2.2144%
1980-10-31,5.5842%,4.4252%,0.6051%,1.5127%,2.3874%,4.6895%,2.9845%,6.4718%,2.1076%,1.5249%,2.5941%,5.3887%,5.4886%,5.8752%,4.4306%,4.7436%,4.1014%,4.6405%,2.8081%,4.3113%
1980-11-30,16.0962%,7.8213%,0.3952%,-0.5718%,0.7828%,17.2032%,12.6740%,17.5909%,2.8577%,-0.0768%,3.3993%,17.0114%,13.7244%,17.5530%,9.3798%,7.7215%,6.3625%,16.4347%,12.4072%,13.4174%
1980-12-31,-9.0457%,-3.0948%,-2.1280%,-1.5551%,-0.9837%,-9.4782%,-8.4004%,-8.3339%,-2.5225%,-1.7535%,-0.8494%,-10.3140%,-8.1822%,-8.6410%,-4.0995%,-3.1755%,-2.0094%,-10.0764%,-8.4004%,-7.9864%
1981-01-31,9.3013%,-0.7507%,-0.5943%,1.1803%,-0.3758%,9.3517%,9.0329%,9.5701%,-0.3350%,1.2903%,-0.3401%,9.2088%,9.4914%,9.2037%,-1.1520%,-0.1542%,-0.9459%,9.5715%,8.4871%,9.7776%
1981-02-28,1.9485%,-0.6263%,-0.4745%,-0.3165%,-0.5320%,2.0948%,1.6348%,2.0373%,-0.5269%,-0.3845%,-0.4580%,2.2811%,1.2144%,2.3500%,-0.6713%,-0.8118%,-0.3958%,1.8029%,1.7089%,2.0784%
1981-03-31,1.7258%,1.9758%,2.2130%,2.8091%,1.1309%,2.4167%,2.0999%,1.3346%,1.6331%,1.2749%,1.1309%,1.4173%,2.8449%,0.9152%,2.3737%,2.4229%,1.1309%,2.8712%,1.7340%,1.6285%
1981-04-30,3.4434%,-1.8388%,-1.6578%,-2.1303%,-1.8595%,3.9526%,2.7770%,3.7510%,-1.8001%,-1.9599%,-1.9612%,3.9236%,2.6442%,3.7626%,-1.8129%,-2.0255%,-1.6781%,3.7640%,2.7380%,3.8988%
1981-05-31,1.6623%,0.3100%,-0.3409%,1.7299%,2.5936%,0.6098%,2.5706%,3.5443%,-0.0288%,1.6021%,1.9134%,0.5114%,2.0218%,2.4536%,-0.1554%,0.0934%,0.9920%,1.0612%,2.4865%,2.2086%
1981-06-30,-3.7336%,-4.5568%,-5.3146%,-5.5270%,-3.0328%,-5.3695%,-2.6092%,-3.0877%,-5.3718%,-5.4473%,-2.7741%,-5.7742%,-2.2501%,-3.1764%,-5.1932%,-5.3955%,-3.0816%,-5.3120%,-2.6092%,-3.2005%
1981-07-31,0.0767%,3.5056%,5.0741%,5.8520%,3.8942%,3.0133%,2.7439%,1.8334%,4.1092%,5.3694%,2.7954%,1.1613%,-0.7785%,-0.1526%,3.4712%,4.7389%,2.3067%,3.6734%,2.9909%,2.5089%
1981-08-31,-0.5838%,-1.9177%,-1.6889%,-3.2214%,-2.2944%,1.1688%,-0.8207%,0.5634%,-1.1796%,-3.3621%,-0.6226%,-0.6085%,-1.0913%,-0.0514%,-2.0551%,-0.9194%,-2.7786%,1.5107%,-0.9751%,0.7872%
1981-09-30,4.8806%,-1.8761%,-1.2452%,-1.2920%,-0.0422%,3.7703%,5.7187%,4.9734%,-1.2165%,-1.0228%,-1.1611%,5.3969%,3.7926%,5.4523%,-1.7498%,-1.5401%,-2.3385%,4.5780%,5.3511%,3.9893%
1981-10-31,-5.7908%,-1.4749%,-0.2553%,-0.8604%,1.4736%,-7.1737%,-5.2420%,-5.4448%,-0.3920%,-0.8411%,1.8204%,-7.6898%,-4.2052%,-5.4774%,-1.1276%,-2.2044%,-1.0927%,-5.0555%,-5.1721%,-5.0206%
1981-11-30,-2.4018%,0.6736%,-0.3003%,-0.5940%,-1.5219%,-2.3452%,-2.7512%,-3.5668%,-0.5849%,-0.1962%,-0.7705%,-2.5022%,-2.0154%,-2.6878%,0.5712%,1.6070%,-0.1575%,-1.5339%,-2.5922%,-2.2626%
1981-12-31,0.1102%,1.2918%,1.4891%,1.5951%,1.4701%,-0.4833%,-0.1051%,-0.5023%,1.4961%,1.2103%,0.9382%,0.1097%,0.6692%,-0.4482%,1.3093%,1.4255%,1.1407%,-0.5492%,-0.2399%,-0.7178%
1982-01-31,3.9562%,1.7867%,0.2066%,0.0661%,1.8645%,2.4593%,4.1566%,4.1171%,0.3463%,0.4708%,1.0375%,3.3873%,4.4027%,4.0785%,0.9178%,1.0545%,3.3878%,2.2469%,4.4322%,4.7169%
1982-02-28,4.5717%,3.6998%,3.3992%,2.9338%,3.5622%,4.0601%,3.9787%,4.2231%,3.6946%,3.0180%,2.4973%,5.3662%,4.1801%,4.1690%,4.0461%,3.3656%,3.6877%,4.3327%,4.2740%,3.9743%
1982-03-31,3.8385%,2.7042%,2.1691%,0.7965%,1.2588%,3.4941%,3.0614%,2.5838%,1.4612%,0.6156%,0.8340%,4.1859%,3.7708%,3.5587%,2.6022%,3.2742%,2.2361%,3.1167%,2.9178%,2.7506%
1982-04-30,-2.3400%,-2.6897%,,-2.0782%,-1.9144%,-1.1658%,-0.6967%,,-1.1134%,-1.6777%,-2.4821%,-1.7573%,-2.1366%,-3.1261%,-3.0315%,-2.8886%,-2.1489%,-1.2290%,-0.5789%,-0.3465%
1982-05-31,-1.8747%,0.7032%,2.4525%,-1.7036%,-0.7504%,-0.1471%,-1.1064%,-3.3499%,1.8849%,-1.3474%,-0.3825%,-0.7512%,-1.8543%,-3.0186%,2.7270%,-0.2027%,-0.4146%,-0.7286%,-1.1280%,-3.8701%
1982-06-30,-0.5811%,-1.0043%,0.1420%,-0.6581%,-2.0708%,0.8820%,-0.8540%,-1.3309%,0.1705%,-0.7096%,-2.3020%,0.6200%,-0.5108%,-1.8525%,-0.1805%,-0.2478%,-2.5846%,0.4098%,-0.5361%,-1.9943%
1982-07-31,3.6837%,-0.1879%,-0.9923%,-0.5401%,0.6139%,2.6697%,4.3677%,4.2758%,-0.9739%,-0.5714%,0.5070%,2.8034%,3.9634%,4.2843%,-0.7664%,-0.4022%,0.6050%,2.6573%,3.9492%,4.0286%
1982-08-31,-0.6004%,0.6662%,1.1072%,0.7541%,1.7357%,-1.7375%,-0.4596%,-1.1090%,0.8182%,0.9838%,0.8049%,-0.4755%,-0.8370%,-0.4888%,0.6085%,0.3978%,0.9922%,-0.8975%,-1.0180%,-0.5139%
1982-09-30,-1.2608%,0.0942%,-0.0198%,1.4297%,-0.3695%,-1.0081%,-1.2125%,-1.3579%,-0.1312%,1.3243%,-0.3742%,-1.2239%,-1.0917%,-1.4669%,-0.0698%,0.5645%,-0.2121%,-1.6448%,-1.0927%,-1.7871%
1982-10-31,0.1651%,-1.3464%,-1.5789%,0.1568%,-3.1545%,1.1271%,0.4119%,-0.4485%,-1.1290%,0.7011%,-3.3802%,1.3542%,0.0382%,-0.8971%,-1.1221%,0.4606%,-3.3775%,1.0901%,0.1377%,-1.1653%
1982-11-30,4.1733%,-1.5326%,-2.1517%,-0.4546%,0.0815%,2.4272%,4.9598%,4.6604%,-1.9532%,-0.0922%,0.3317%,3.0173%,4.2002%,5.3022%,-2.9453%,-1.4861%,-0.1662%,2.7122%,4.7572%,5.4914%
1982-12-31,-2.0346%,0.1773%,0.1563%,-0.6349%,-0.0489%,-2.1322%,-1.6287%,-2.3374%,0.0687%,-0.7184%,-0.0685%,-1.9598%,-2.0468%,-2.0971%,0.4438%,-0.0181%,0.1062%,-2.1313%,-1.6416%,-2.4689%
1983-01-31,0.0956%,-1.1702%,-0.8304%,-0.7679%,-1.8424%,0.6567%,0.2338%,-0.3553%,-0.6609%,-1.1649%,-1.9370%,0.6639%,0.2351%,-0.6123%,-1.3579%,-0.1437%,-2.0091%,0.3494%,0.2247%,-0.3018%
1983-02-28,-0.3318%,1.4811%,1.0851%,1.7505%,1.3693%,-0.3885%,0.1072%,-0.1042%,1.2908%,2.1050%,1.7279%,-0.5961%,-0.2403%,-0.1590%,1.0603%,1.7830%,1.5999%,-0.4230%,-0.2844%,0.1167%
1983-03-31,0.3647%,0.1235%,0.4420%,0.0102%,-0.1762%,0.5538%,0.5680%,-0.0644%,0.3958%,-0.0303%,-0.4851%,0.6772%,0.6208%,-0.2037%,0.6867%,0.1306%,-0.4468%,0.7953%,0.4719%,-0.3382%
1983-04-30,0.9646%,-0.2023%,-0.0873%,-0.1948%,-0.4628%,1.1116%,0.9267%,0.7361%,-0.1345%,-0.3455%,-0.2656%,1.0604%,0.9041%,0.9293%,0.1307%,-0.1874%,-0.5502%,1.3702%,0.8728%,0.6893%
1983-05-31,0.5399%,-0.2535%,-0.3715%,0.9811%,-1.4376%,0.5292%,1.3197%,-0.5369%,-1.2045%,0.7161%,-1.4885%,0.6294%,0.6449%,0.3454%,-0.2964%,0.5913%,-1.0554%,0.4140%,1.7515%,-0.3450%
1983-06-30,-0.0978%,1.5574%,0.8914%,1.8295%,1.4850%,-0.0908%,-0.9195%,0.5028%,1.0369%,1.9724%,1.7366%,-0.2320%,-0.5291%,0.4677%,1.1370%,2.3894%,1.1457%,0.1358%,-0.4691%,0.1445%
1983-07-31,-3.7616%,-1.6977%,-1.9466%,0.9822%,-0.0070%,-4.5099%,-3.1313%,-2.5703%,-1.5925%,0.5500%,-0.3447%,-4.3092%,-3.9143%,-3.0614%,-2.0601%,-2.3033%,-0.7298%,-4.3692%,-2.7712%,-3.0389%
1983-08-31,4.6130%,-3.5001%,-3.3051%,-1.7841%,-3.0268%,3.2637%,4.8622%,3.5420%,-2.4390%,-1.7182%,-2.1648%,3.8986%,5.7674%,4.1729%,-3.3795%,-3.7363%,-3.3844%,2.9803%,4.3522%,2.9753%
1983-09-30,-0.4416%,0.0522%,-0.1969%,-0.3140%,0.0017%,-0.3921%,-1.0199%,-0.1934%,-0.6056%,-0.2887%,-1.2776%,0.2828%,-1.2184%,-0.3891%,-0.2896%,-0.7426%,1.1887%,-1.2967%,-1.2796%,0.1817%
1983-10-31,1.9238%,-3.9867%,-5.2111%,-1.5868%,-4.9192%,2.7956%,-0.1266%,3.0875%,-4.9879%,-1.6121%,-5.2644%,3.0650%,-0.0823%,2.7886%,-4.9705%,-1.9406%,-5.0490%,3.1218%,0.2912%,3.0434%
1983-11-30,-1.5821%,2.4464%,1.9824%,1.8726%,2.6979%,-1.2683%,-0.9798%,-0.5527%,1.8345%,1.5877%,2.9276%,-1.6475%,-2.5443%,-0.5544%,2.1177%,2.1618%,3.0596%,-1.9813%,-1.1576%,-1.0394%
1983-12-31,-0.6328%,0.5257%,1.5358%,0.7164%,0.7341%,-0.6584%,-1.5782%,-1.4601%,1.7842%,0.7254%,0.0404%,-0.0004%,-0.1537%,-1.7443%,0.7649%,0.9098%,-0.0977%,-0.4617%,-1.5229%,-1.3243%
1984-01-31,3.7640%,-1.3649%,-0.1973%,-3.3123%,-3.4013%,6.2716%,3.1275%,3.0676%,-0.4531%,-3.9878%,-2.8463%,5.9502%,1.7848%,3.5570%,0.0398%,-1.3926%,-2.7419%,5.6298%,2.7718%,2.8481%
1984-02-29,2.8820%,-0.6559%,-1.0207%,-0.7790%,-0.0198%,2.0775%,3.6917%,3.0784%,-1.1772%,-0.7291%,-0.5310%,2.3809%,3.2380%,3.0271%,-0.9488%,-1.3000%,0.2812%,1.7043%,3.8855%,2.9342%
1984-03-31,-0.0629%,0.3589%,-0.7171%,0.6325%,0.6079%,-0.3040%,-0.6267%,1.0210%,0.3277%,0.6325%,0.6863%,0.0406%,-0.6285%,0.3993%,-0.0175%,0.7596%,0.3346%,-0.4073%,-0.9432%,-0.0552%
1984-04-30,-0.5545%,-0.3346%,-1.0693%,-0.5854%,1.0147%,-1.2316%,-2.0151%,0.8525%,-1.1783%,-0.6118%,1.2344%,-1.8684%,-0.3392%,0.5443%,-1.1784%,-0.3103%,0.4848%,-0.9612%,-1.4717%,0.7020%
1984-05-31,1.4198%,0.9069%,1.1844%,0.3512%,0.8938%,1.6523%,0.9645%,1.3617%,1.4045%,0.5478%,0.7376%,1.8173%,1.2917%,1.1504%,1.4778%,0.3477%,0.8951%,1.7973%,1.1739%,1.2147%
1984-06-30,1.1943%,-1.5990%,-0.5112%,-2.1472%,-2.6195%,2.2725%,2.1505%,0.1643%,-0.2567%,-1.9541%,-2.5007%,2.4258%,0.9754%,0.1819%,-0.6871%,-1.8957%,-2.2142%,2.3929%,1.4640%,0.8658%
1984-07-31,2.5775%,-0.2700%,0.2741%,1.2532%,1.6493%,2.3652%,3.4383%,3.7404%,1.9200%,1.3349%,0.2376%,2.9773%,3.4603%,1.2949%,0.6922%,-0.6851%,-0.8171%,3.4264%,3.1415%,1.9171%
1984-08-31,-2.2956%,-0.4714%,-1.6533%,-0.5413%,-1.4782%,-3.1666%,-1.6620%,-2.9914%,-1.7025%,-0.7534%,-1.0996%,-2.6675%,-2.1546%,-2.0646%,-0.8776%,0.0079%,-0.5446%,-2.7221%,-1.3436%,-2.3891%
1984-09-30,-2.1007%,3.7069%,2.1778%,3.5947%,5.7147%,-2.4281%,-1.7938%,1.1089%,2.2102%,3.7060%,3.6469%,-2.5930%,-2.5528%,-1.1563%,2.7756%,4.0196%,4.3256%,-1.8809%,-1.1569%,-0.3309%
1984-10-31,0.9540%,-0.3542%,-0.7841%,-1.5977%,-0.3355%,0.6623%,2.3136%,1.1109%,-0.8986%,-1.4151%,-0.7162%,1.1783%,0.3231%,1.3607%,-0.9258%,-0.1620%,0.0251%,0.8021%,1.8094%,1.7530%
1984-11-30,1.0879%,1.9852%,1.8975%,2.2093%,2.4510%,1.4331%,0.7122%,1.9866%,1.8839%,2.4814%,2.2959%,0.9196%,1.0124%,1.3316%,1.6991%,1.9462%,2.3104%,1.3967%,0.8565%,2.0080%
1984-12-31,-0.3810%,-0.5468%,-0.0698%,-1.0900%,0.3573%,-0.7717%,-0.3378%,-0.3446%,-0.0055%,-0.9931%,-0.3004%,-0.3354%,-0.1774%,-0.6302%,-0.3581%,-0.7283%,-0.5541%,0.3454%,-0.4632%,0.1494%
1985-01-31,0.0687%,-3.0942%,-3.8255%,-3.9928%,-1.6930%,-1.6855%,0.0205%,0.4470%,-3.1675%,-4.0754%,-1.4317%,-1.2449%,0.9599%,0.4909%,-3.5115%,-3.9420%,-1.8290%,-1.5329%,0.0205%,0.1495%
1985-02-28,-1.1571%,0.4726%,0.1180%,0.5166%,0.4990%,-1.5488%,-0.8728%,-1.1678%,0.3116%,0.3180%,0.5441%,-1.3853%,-0.9331%,-1.1529%,0.4160%,0.4334%,0.5683%,-1.3641%,-0.8948%,-1.2118%
1985-03-31,3.5326%,-1.6763%,-2.0442%,-1.7296%,-1.0863%,2.8329%,4.0644%,3.7907%,-1.6315%,-2.0122%,-1.6915%,3.6008%,3.4562%,3.5407%,-2.2142%,-1.5837%,-1.2308%,2.7846%,3.9247%,3.7680%
1985-04-30,3.3764%,0.2479%,0.0497%,-0.0811%,0.1822%,3.4289%,3.0879%,3.5615%,-0.0714%,-0.0940%,0.1424%,3.3477%,3.2200%,3.5615%,0.2045%,0.2111%,0.3282%,3.4377%,3.2092%,3.5615%
1985-05-31,-0.1450%,1.5097%,1.9723%,1.2893%,1.4361%,0.2205%,-0.1005%,-0.3157%,1.6450%,1.0253%,1.3751%,-0.1007%,0.0364%,-0.3706%,2.0939%,0.9140%,1.5213%,0.2752%,-0.1266%,-0.2973%
1985-06-30,0.6527%,0.9212%,1.2162%,1.0287%,0.1206%,0.9794%,0.7944%,-0.1162%,1.2478%,0.9818%,0.4906%,0.8077%,1.0998%,0.0505%,1.3968%,0.9698%,0.3969%,0.9743%,1.0000%,-0.0255%
1985-07-31,-3.0958%,-1.8685%,-0.2464%,-1.5286%,0.3678%,-3.5606%,-2.9009%,-2.9464%,-1.0209%,-1.4541%,0.4163%,-4.1910%,-2.3426%,-2.7537%,-2.2933%,-1.7080%,-1.6042%,-2.4512%,-2.7594%,-1.7620%
1985-08-31,-1.2346%,-0.0193%,0.1279%,-0.5350%,-0.0928%,-1.4171%,-0.7559%,-1.6377%,0.1737%,-0.6601%,0.2494%,-1.4740%,-0.8313%,-1.3984%,0.2508%,-0.5286%,0.2200%,-1.4143%,-0.8821%,-1.4451%
1985-09-30,1.4571%,0.7852%,0.2227%,0.7808%,0.2393%,1.1090%,2.0706%,1.1257%,-0.3801%,0.5676%,-0.2289%,0.7741%,2.6720%,0.9253%,0.7095%,0.3919%,1.2542%,0.7993%,2.0543%,1.3441%
1985-10-31,0.2955%,1.3345%,1.5748%,1.0750%,1.5879%,-0.1468%,-0.2187%,-0.1338%,1.5147%,1.1367%,1.2411%,0.3760%,0.4082%,0.1023%,1.6084%,0.9101%,1.4849%,0.1771%,-0.2717%,0.0536%
1985-11-30,-1.1495%,-2.4177%,-2.3311%,-3.0063%,-1.1973%,-1.3875%,0.0712%,-0.2538%,-2.4544%,-2.6638%,-1.2763%,-1.8057%,-1.0153%,-0.6275%,-1.9877%,-3.5703%,-1.6950%,-0.3823%,-0.1851%,-0.0896%
1985-12-31,2.2561%,-0.6746%,-0.5615%,1.0533%,-0.7769%,2.3568%,1.7128%,2.1413%,-0.5127%,1.0533%,-0.9843%,2.6792%,1.8814%,2.2076%,-0.8451%,0.0573%,-1.2361%,2.6705%,1.4571%,2.2794%
1986-01-31,-0.5642%,0.8485%,1.3733%,-0.1471%,1.3118%,-0.0414%,-0.6527%,-0.1028%,1.0573%,-0.2375%,0.9432%,-0.4393%,-0.6999%,-0.5534%,1.4208%,0.0683%,1.0563%,-0.1730%,-0.8284%,-0.5375%
1986-02-28,1.7638%,0.2671%,0.3004%,0.0030%,0.0718%,1.4373%,2.6630%,1.2087%,0.0885%,-0.1507%,0.0548%,1.4423%,2.4406%,1.4086%,0.5079%,0.1972%,0.0962%,1.5294%,2.5178%,1.1178%
1986-03-31,1.6691%,-0.2831%,0.6671%,-0.7024%,-0.3344%,1.8095%,2.0915%,0.8079%,0.5480%,-0.4090%,-0.2754%,1.8147%,2.2013%,0.9912%,0.3693%,-0.7392%,-0.4794%,1.8072%,2.2253%,0.9585%
1986-04-30,0.5343%,-1.2205%,-1.8796%,-0.4666%,-1.5416%,0.2663%,1.3359%,0.6043%,-1.7528%,-1.5043%,-1.3930%,-0.1492%,1.5416%,0.2106%,-1.6966%,-0.4827%,-1.4822%,0.3485%,0.8553%,0.5629%
1986-05-31,0.2451%,1.0062%,0.8433%,0.9580%,1.3485%,-0.0135%,1.0802%,0.4917%,0.9592%,1.0489%,1.6461%,-0.4158%,0.8798%,0.2712%,1.2611%,0.3528%,1.4047%,0.2518%,1.0094%,0.3954%
1986-06-30,2.4434%,0.9305%,1.0607%,0.8373%,-0.3641%,2.9502%,2.5275%,1.5255%,0.8066%,0.2441%,-0.5414%,3.2660%,2.1461%,1.9181%,1.5589%,0.9530%,0.2797%,2.4984%,2.4548%,1.2191%
1986-07-31,1.9303%,0.4917%,0.0602%,-1.1756%,1.1958%,1.5822%,1.3115%,2.7178%,-0.4580%,-0.7593%,1.6603%,1.3856%,0.9015%,3.5039%,-0.0136%,0.5362%,0.9525%,1.5192%,1.5111%,2.4854%
1986-08-31,3.5695%,-0.5838%,-2.2263%,-1.1171%,-2.7205%,4.4447%,4.5294%,3.9505%,-2.3433%,-0.6658%,-2.7819%,3.5608%,4.0256%,3.1222%,-0.9906%,0.1946%,-0.9554%,2.9678%,4.5448%,3.0031%
1986-09-30,3.7309%,-3.8139%,-4.1687%,-2.4338%,-3.3394%,2.2090%,3.4441%,3.0383%,-3.4628%,-2.6488%,-2.6358%,3.3755%,3.6145%,4.2026%,-4.7498%,-2.7470%,-3.9448%,2.4672%,3.8271%,3.2722%
1986-10-31,-1.6900%,1.0610%,,-0.5618%,-1.3536%,,-0.9822%,-3.1788%,0.4675%,-0.1604%,0.1480%,-1.6392%,-1.4721%,-1.9588%,1.5768%,1.0504%,0.5558%,-1.2719%,-0.6105%,-2.2929%
1986-11-30,0.7237%,0.5987%,0.5461%,0.6471%,0.4750%,0.4934%,0.9351%,0.4223%,0.2395%,0.6692%,0.0490%,0.6452%,1.0711%,0.4547%,0.7523%,0.6067%,0.4370%,0.7426%,0.9407%,0.4274%
1986-12-31,0.0158%,0.1090%,0.2399%,0.1159%,-0.0113%,0.1203%,0.0559%,-0.1309%,0.2632%,0.1271%,-0.2355%,0.1643%,0.2176%,-0.3345%,0.1482%,0.2566%,-0.0778%,0.2575%,0.0982%,0.0315%
1987-01-31,0.2520%,1.9681%,2.3505%,1.9770%,1.1474%,0.2656%,0.4498%,-0.9375%,1.2775%,1.9989%,1.3920%,0.2188%,0.2039%,0.3332%,2.6006%,2.3743%,0.9294%,0.6070%,0.1522%,-1.0642%
1987-02-28,3.8963%,-0.6865%,-1.4822%,-1.1935%,-2.4893%,4.7251%,5.1102%,3.7180%,-2.3198%,-0.8989%,-2.7418%,4.1839%,3.7430%,3.7619%,-0.3437%,0.3295%,-2.0453%,4.6515%,5.2439%,2.9498%
1987-03-31,-1.8626%,0.2026%,-0.2742%,0.1936%,-1.3928%,-1.2164%,-3.0886%,-2.3351%,-0.4052%,-0.4752%,-1.1650%,-1.1411%,-2.5459%,-1.9009%,-0.5699%,1.0818%,0.0958%,-1.2991%,-2.4398%,-0.6333%
1987-04-30,1.4648%,0.1862%,0.4155%,-0.6073%,-0.8209%,2.2882%,1.2831%,1.0517%,0.3578%,-0.5888%,-0.9860%,2.6805%,0.3772%,1.3367%,0.2484%,0.2075%,0.1027%,1.3775%,1.2392%,1.2318%
1987-05-31,1.2083%,0.5786%,0.0403%,0.4756%,0.6616%,0.9668%,0.9793%,1.5881%,0.2167%,0.2942%,0.5536%,1.1790%,0.9300%,1.5159%,0.4845%,0.5140%,0.7375%,0.9829%,0.8027%,1.2360%
1987-06-30,0.4932%,1.7368%,1.7809%,1.8750%,1.4318%,0.2076%,0.0982%,-0.1415%,2.1134%,1.7413%,1.2804%,0.9816%,0.3494%,0.1487%,2.2629%,1.7019%,1.2455%,0.4553%,0.0977%,-0.5620%
1987-07-31,-0.5053%,-0.5876%,-0.4820%,-1.1198%,0.7868%,-1.5218%,0.0713%,-0.2530%,-0.1600%,-1.3910%,0.7223%,-0.8778%,-0.6425%,0.0045%,-0.7656%,-0.8550%,-0.1423%,-1.0716%,0.0074%,-0.4484%
1987-08-31,-1.0500%,-0.7169%,-1.4680%,-0.4570%,-0.1557%,-1.2381%,-1.1274%,0.0743%,-0.2483%,-0.4236%,-0.4825%,-0.7347%,-1.4465%,-0.9689%,-1.3537%,-0.6567%,-0.1402%,-1.0646%,-1.3211%,0.1490%
1987-09-30,-1.4276%,-0.3921%,0.0727%,0.0697%,-0.3367%,-1.3009%,-0.8978%,-1.7103%,0.1965%,0.4520%,-0.3318%,-1.1286%,-1.4974%,-1.6569%,-0.4972%,-0.3258%,-0.3532%,-1.5880%,-0.7037%,-1.4440%
1987-10-31,-1.0511%,-4.8808%,-7.1418%,-4.0216%,-3.9552%,-3.3436%,-0.8708%,-0.1570%,-6.8963%,-3.9953%,-4.3083%,-3.0444%,0.3475%,-0.4564%,-7.1449%,-3.5012%,-3.9961%,-3.1942%,-0.4273%,-0.0454%
1987-11-30,0.8482%,-2.8063%,-2.7380%,-3.1770%,-2.0415%,0.3064%,-0.5409%,1.0029%,-3.1591%,-3.0356%,-2.3075%,0.5165%,0.6601%,1.3680%,-2.1761%,-3.7678%,-2.4750%,0.2730%,-0.5500%,-0.0259%
1987-12-31,-3.9749%,3.6706%,3.5597%,1.0599%,3.2048%,-2.4069%,-2.6705%,-2.7617%,3.5762%,1.1181%,2.6767%,-3.7143%,-3.5968%,-4.6138%,4.5644%,3.3203%,3.1272%,-2.5068%,-2.7392%,-3.9439%
1988-01-31,-6.2188%,-4.2741%,-3.0242%,-2.3348%,-1.2926%,-6.5845%,-4.9928%,-4.8529%,-3.8194%,-2.2772%,-1.5084%,-7.7858%,-5.3958%,-5.4748%,-3.7483%,-4.9966%,-4.0775%,-4.8992%,-5.0232%,-5.2285%
1988-02-29,-2.1898%,1.8442%,2.0925%,1.1675%,0.4531%,-1.5119%,-1.0064%,-3.1513%,2.8455%,0.9987%,0.8259%,-1.3708%,-1.8081%,-3.3904%,3.0889%,1.3108%,1.1328%,-1.3253%,-1.1041%,-3.2814%
1988-03-31,2.2688%,-1.7978%,-2.0748%,-0.7172%,-2.3117%,2.6969%,0.8576%,2.4599%,-1.8088%,-0.2112%,-2.6408%,3.1414%,1.3554%,2.3094%,-3.4278%,0.5963%,-2.5619%,1.9100%,0.9348%,2.7759%
1988-04-30,1.1064%,0.5840%,0.8541%,0.3219%,1.0326%,1.2632%,0.9747%,1.4418%,0.7526%,0.2170%,0.9927%,1.1783%,0.7226%,1.4184%,0.6303%,0.3948%,0.7270%,1.2634%,0.7834%,1.3601%
1988-05-31,0.1346%,2.1869%,0.9163%,2.7930%,2.7113%,-1.3771%,1.1037%,0.4179%,0.6727%,2.8491%,2.6727%,-1.4836%,1.3710%,0.5165%,1.1821%,2.6066%,2.7720%,-1.3668%,1.0363%,0.2231%
1988-06-30,-1.7475%,-1.7341%,-1.4571%,-0.8089%,-2.0989%,-0.2271%,-1.1482%,-0.8689%,-1.3746%,-0.0098%,-1.1120%,-1.9192%,-1.6666%,-1.6566%,-1.9631%,-1.2910%,-1.9481%,-0.9279%,-0.9377%,-0.9129%
1988-07-31,-1.5677%,0.3412%,0.6782%,-0.1850%,0.1113%,-1.0558%,-2.0577%,-1.6226%,0.7481%,-0.2503%,0.1865%,-1.0960%,-1.9495%,-1.6576%,0.6731%,0.0567%,0.2937%,-1.2773%,-1.7357%,-1.6567%
1988-08-31,2.4463%,2.1975%,1.5325%,0.7744%,3.6972%,-0.4270%,2.0394%,1.7376%,1.3549%,0.7064%,0.8999%,2.5060%,2.7818%,2.0510%,2.3916%,2.2498%,1.9509%,1.6415%,2.1149%,1.2008%
1988-09-30,-0.4168%,-0.1646%,-0.5057%,0.1490%,1.3748%,-1.9671%,0.2000%,-0.0866%,-0.4589%,0.0999%,-0.4308%,-0.6304%,-0.0177%,-0.6023%,-0.8617%,-0.2002%,0.5681%,-1.4639%,0.1156%,-0.0341%
1988-10-31,1.4281%,0.2551%,-0.7862%,1.3940%,1.2473%,0.5953%,1.1428%,2.6288%,-1.0831%,1.7367%,1.1747%,0.5031%,1.0205%,2.7608%,-0.9043%,0.4669%,1.2028%,0.8381%,1.1686%,2.9452%
1988-11-30,1.0329%,-0.5545%,-0.5033%,0.0441%,-0.9770%,1.1408%,0.8943%,0.6671%,-0.5640%,0.0594%,-0.7384%,1.2193%,0.8345%,1.0449%,-0.6125%,-0.0442%,-1.0069%,1.1530%,0.9607%,0.7586%
1988-12-31,-1.5550%,0.6668%,0.6845%,-0.0172%,0.4841%,-1.3223%,-1.6677%,-1.5228%,0.8336%,0.2952%,0.8008%,-1.5658%,-1.5007%,-1.5986%,0.6843%,0.5952%,0.7210%,-1.6069%,-1.5787%,-1.5701%
1989-01-31,0.8191%,-0.8961%,-0.7836%,-1.2097%,-0.5903%,0.5160%,1.1210%,0.7093%,-0.6039%,-1.0716%,-0.5554%,0.5675%,1.2739%,0.6160%,-0.9507%,-1.2342%,-0.5034%,0.2123%,1.0737%,0.6595%
1989-02-28,-1.4728%,1.6119%,1.3326%,1.0010%,2.0064%,-1.5680%,-1.4951%,-0.8942%,1.3931%,0.9695%,1.8125%,-1.7202%,-1.3974%,-1.3009%,1.3092%,1.5640%,1.9625%,-1.7244%,-1.2592%,-1.0711%
1989-03-31,0.6013%,1.0747%,1.4274%,1.1899%,-0.2903%,1.4020%,-0.3820%,-0.3157%,1.4175%,1.0623%,0.6001%,1.0473%,0.5266%,0.2299%,0.8030%,2.2410%,0.1801%,0.1887%,-0.2772%,-0.4342%
1989-04-30,0.0043%,-0.6389%,-1.2397%,-0.3593%,-1.0913%,0.6837%,-0.1419%,0.8321%,-0.8689%,-0.5590%,-0.6224%,-0.0194%,-0.1947%,0.2271%,-1.6162%,0.4180%,-0.7185%,-0.1150%,-0.3898%,0.7827%
1989-05-31,0.6817%,-0.3420%,0.4517%,-0.4280%,-0.6709%,1.3785%,0.3518%,0.2558%,0.4045%,-0.4280%,-0.6265%,1.3645%,0.3471%,0.3335%,0.1410%,-0.6744%,-0.4925%,1.1473%,0.5597%,0.5137%
1989-06-30,-0.8894%,1.6285%,1.6756%,2.1725%,1.1347%,-0.1610%,-1.8943%,-0.7019%,1.7459%,2.3653%,0.8573%,-0.1441%,-1.4915%,-1.0327%,1.5583%,2.1943%,1.1328%,-0.1840%,-1.2309%,-0.6095%
1989-07-31,-1.0047%,0.5274%,0.0477%,0.9225%,0.5268%,-0.3347%,-2.9489%,0.1444%,2.3601%,1.0067%,1.3696%,0.2939%,-2.6114%,-0.6965%,-1.2354%,0.6175%,2.1999%,-2.5661%,-2.8531%,0.8692%
1989-08-31,-0.6143%,0.0676%,0.5775%,-1.0055%,1.8741%,-2.1361%,-0.1335%,-0.8396%,0.8808%,-1.1872%,0.6289%,-0.7434%,-0.1041%,-0.9953%,-0.5000%,-0.3475%,1.0502%,-1.4452%,-0.2654%,0.1051%
1989-09-30,-1.1723%,-0.9677%,-1.7591%,-0.3902%,-0.4795%,-1.7269%,-1.2157%,-0.4472%,-1.8154%,-0.4743%,-0.0598%,-1.9255%,-1.4214%,-0.1699%,-1.7771%,-0.5973%,-0.5286%,-1.6599%,-1.6176%,-0.4114%
1989-10-31,1.7548%,-0.2615%,-0.6503%,0.4803%,-0.2583%,1.2707%,2.1200%,1.6627%,-0.4872%,0.5472%,-0.3040%,1.5538%,1.9734%,1.7371%,-0.6108%,0.0965%,-0.2701%,1.3172%,2.2872%,1.6579%
1989-11-30,1.8444%,0.6230%,1.2772%,0.2623%,0.2356%,2.3645%,1.8132%,1.3230%,1.2716%,0.2425%,0.1843%,2.2814%,2.0579%,1.1941%,1.3900%,0.0708%,0.4083%,2.4925%,1.8257%,1.5108%
1989-12-31,2.2620%,-0.9119%,-0.1147%,-2.3422%,-0.8368%,2.4797%,2.5930%,1.7576%,-0.1186%,-2.0719%,-1.0199%,2.3924%,2.9026%,1.4911%,-0.0075%,-1.8305%,-0.8976%,2.4582%,2.3737%,1.5681%
1990-01-31,0.6774%,-1.3465%,-1.6805%,-1.6054%,-1.0744%,0.5945%,0.7260%,1.2006%,-1.6571%,-1.4300%,-1.4063%,0.4615%,0.8584%,0.7123%,-1.6609%,-1.8239%,-0.5547%,0.3960%,0.7950%,1.5022%
1990-02-28,-0.0801%,-0.6486%,-0.7758%,-0.4462%,-1.1847%,-0.1710%,-0.8622%,-0.5799%,-0.6338%,-0.2902%,-1.5408%,0.5721%,-0.4775%,-0.3349%,-0.2284%,-0.4774%,-1.2398%,0.6213%,-0.4143%,-0.3901%
1990-03-31,-0.3923%,-0.1077%,0.0377%,0.0451%,-0.6118%,-0.0225%,-0.7291%,-0.6720%,-0.3717%,0.2065%,0.0826%,-0.8091%,-0.0130%,-0.3548%,-0.4833%,-0.2898%,0.4502%,-0.7004%,-0.5568%,0.2331%
1990-04-30,3.4469%,1.3404%,0.4569%,1.1856%,0.4854%,3.0515%,3.8143%,3.0800%,0.7509%,0.8408%,-0.0441%,3.8404%,3.4550%,3.0453%,1.3824%,1.8114%,0.8273%,2.9734%,3.7165%,2.4183%
1990-05-31,4.0843%,1.4990%,0.6606%,0.2458%,-0.8808%,4.8456%,4.1937%,3.3042%,0.8718%,0.3418%,-0.8953%,5.0533%,3.9134%,3.2862%,1.6409%,2.4237%,0.4325%,3.5219%,4.3952%,2.3135%
1990-06-30,2.6272%,0.7661%,0.2614%,0.6126%,0.1413%,2.3820%,3.0037%,2.2618%,0.2357%,0.6441%,-0.1146%,2.5327%,3.1664%,2.1824%,0.8644%,0.8137%,0.6203%,2.2875%,3.1213%,2.0433%
1990-07-31,-0.1013%,3.4301%,3.2668%,4.5117%,2.9592%,-0.4239%,-1.5995%,-0.7315%,2.6376%,4.6632%,3.2702%,0.1830%,-1.3025%,0.8156%,3.7992%,3.3061%,3.1851%,-0.0865%,-1.8436%,-0.7006%
1990-08-31,3.4471%,2.8611%,0.3392%,0.8790%,0.2856%,3.8029%,1.7057%,3.7493%,1.6459%,0.8520%,1.2974%,3.8907%,2.9085%,3.5421%,2.5747%,2.7833%,3.2254%,2.3544%,1.2070%,3.0052%
1990-09-30,4.7369%,4.4836%,4.2372%,1.8663%,1.9092%,4.6178%,2.5126%,2.2898%,4.2322%,1.9021%,2.6831%,5.8747%,4.0105%,4.3255%,4.9671%,4.1667%,4.3169%,4.2290%,2.5871%,3.5788%
1990-10-31,4.8317%,4.9534%,1.4132%,3.3976%,3.5083%,3.4625%,1.0940%,5.5576%,2.9438%,3.1252%,3.4827%,4.6123%,4.7317%,5.1513%,4.1775%,4.6593%,6.0232%,2.9130%,1.4104%,4.7587%
1990-11-30,-1.2758%,-0.5687%,-1.6056%,2.5353%,-1.3455%,-0.5835%,-0.7460%,-0.3234%,-1.6707%,2.1539%,-0.9552%,-2.0989%,-0.3452%,-1.3834%,-1.0662%,1.2133%,-1.8532%,-2.3902%,-0.7669%,-3.1772%
1990-12-31,2.3951%,0.9893%,-0.2517%,1.1594%,0.8419%,1.9408%,1.9114%,3.0344%,-0.3214%,0.5820%,0.8695%,2.0525%,1.8894%,3.2434%,0.4221%,1.5810%,0.9647%,2.2703%,1.5038%,2.8128%
1991-01-31,5.4303%,2.5734%,0.1228%,2.0258%,-1.0163%,8.0514%,1.9939%,6.9123%,2.2882%,1.1571%,1.1763%,7.1500%,3.1027%,6.0381%,3.6206%,3.2628%,0.8368%,6.9837%,2.5114%,4.1999%
1991-02-28,2.3670%,-0.9973%,-2.3674%,-0.8003%,-1.4176%,2.5173%,2.0309%,3.4670%,-2.2660%,-0.7936%,-1.3019%,2.1329%,1.8709%,3.0970%,-0.6121%,-1.0328%,-1.3471%,3.2366%,2.0541%,2.5016%
1991-03-31,1.8064%,0.4174%,0.1243%,1.8322%,0.5918%,1.6469%,1.8390%,2.1144%,0.6103%,1.6049%,0.6547%,1.9117%,1.5513%,1.9561%,-0.1960%,1.1522%,0.2961%,1.9171%,1.7702%,2.4093%
1991-04-30,-0.6084%,-0.9964%,-0.3017%,-1.3511%,-1.4071%,-0.2731%,0.1759%,-1.3785%,-0.4144%,-1.2971%,-1.6534%,-0.2133%,-0.1597%,-1.4523%,-0.2231%,-1.3000%,-1.4661%,-0.3928%,0.0217%,-1.6357%
1991-05-31,-1.1717%,-0.8441%,-1.3801%,-1.4476%,-1.2363%,-1.3916%,-2.0037%,-1.2479%,-1.6174%,-0.8343%,-1.6751%,-0.9130%,-1.6314%,-0.9707%,-0.5968%,-0.1817%,-1.7539%,-0.5875%,-1.8609%,-1.7446%
1991-06-30,-1.7599%,1.0592%,1.0496%,0.8376%,0.1477%,-1.2740%,-1.4692%,-2.1760%,0.9893%,0.8376%,0.2661%,-1.4796%,-1.5973%,-2.2028%,1.7716%,0.5415%,0.8646%,-1.3415%,-1.4404%,-2.2485%
1991-07-31,-2.1927%,0.6717%,1.4206%,1.9792%,0.2894%,-1.5372%,-3.0842%,-2.6684%,1.5239%,1.8478%,0.2790%,-1.4670%,-2.3992%,-2.7120%,1.2647%,1.1732%,-0.4228%,-1.4681%,-3.1154%,-3.1555%
1991-08-31,2.6590%,1.2189%,-0.6677%,0.5357%,0.6427%,1.7868%,3.0281%,3.0972%,-0.9193%,0.2985%,0.0433%,2.1928%,2.6288%,3.1554%,0.5144%,1.7466%,1.3958%,1.5050%,3.0443%,2.3864%
1991-09-30,-0.5356%,-0.9085%,0.5697%,-0.9613%,-0.9013%,-0.3564%,0.5745%,-1.8274%,-0.8719%,-0.8754%,-1.0999%,-0.6307%,-0.1174%,-0.8587%,-0.0478%,-1.2016%,-1.4760%,-0.0269%,0.6231%,-1.4551%
1991-10-31,1.0210%,0.0511%,-0.4077%,1.0199%,0.1820%,0.6121%,1.0725%,1.2018%,-0.2123%,1.0329%,0.2960%,0.8697%,0.8155%,1.3779%,-0.4033%,0.5504%,0.0062%,0.6886%,1.4955%,1.0980%
1991-11-30,0.6534%,-0.2218%,-0.4106%,0.3805%,-0.6987%,0.1948%,1.7897%,-0.0933%,-0.4106%,0.3836%,-0.5228%,0.0605%,1.9514%,-0.0517%,-0.4106%,0.8566%,-1.1114%,0.3861%,1.9727%,-0.3147%
1991-12-31,4.5710%,2.0086%,0.2222%,1.4591%,4.5395%,3.5656%,3.9235%,7.8829%,0.6293%,-0.0486%,5.3672%,2.6806%,3.6140%,7.4185%,0.9837%,-0.1115%,5.1536%,2.7621%,4.4481%,6.9320%
1992-01-31,-3.9562%,5.1307%,6.8417%,8.6275%,3.5876%,-3.7409%,-3.7801%,-6.9951%,7.2460%,7.0315%,2.9576%,-2.6673%,-2.2458%,-6.9556%,6.4839%,5.7464%,3.1618%,-3.5635%,-3.1937%,-6.8856%
1992-02-29,3.5011%,0.5298%,0.4421%,0.4380%,-0.3377%,3.9576%,3.4290%,3.1778%,0.6530%,0.2550%,-0.4668%,4.0729%,3.4775%,2.9530%,0.6433%,0.8126%,0.1335%,3.7501%,3.3728%,3.2403%
1992-03-31,0.6794%,-2.2680%,-2.8321%,-2.0491%,-1.8805%,-0.4795%,0.7263%,0.4722%,-2.6161%,-2.3687%,-1.2679%,-0.1521%,0.9943%,1.1961%,-2.9138%,-2.1902%,-1.7000%,-0.7331%,0.9470%,0.4807%
1992-04-30,7.3734%,-4.7973%,-2.2351%,-2.2439%,-2.9036%,6.7178%,6.4852%,6.0492%,-0.5815%,-2.3752%,-2.2258%,8.3786%,7.0075%,6.7343%,-4.6169%,-5.6435%,-4.1314%,5.2715%,6.6802%,5.7570%
1992-05-31,0.0207%,0.3609%,0.8944%,0.3458%,,0.5231%,0.9287%,,0.8241%,0.2400%,0.6891%,0.1331%,-0.0692%,-0.0019%,0.7220%,0.5501%,-0.1894%,0.6127%,0.7430%,-0.2987%
1992-06-30,0.9522%,-1.8048%,-2.2224%,-2.1635%,-1.7947%,0.8910%,2.1025%,1.3187%,-2.4781%,-2.4536%,-1.6708%,0.3762%,1.2969%,1.1835%,-1.7521%,-1.8939%,-1.7685%,1.1390%,2.3024%,1.1225%
1992-07-31,-0.8572%,1.5066%,1.7109%,1.6510%,1.1637%,0.2758%,-0.3179%,-0.2713%,0.8263%,1.3376%,0.8349%,-0.6029%,-1.3743%,-0.5943%,1.6692%,1.5494%,1.3011%,0.1472%,-0.2109%,-0.2209%
1992-08-31,1.6338%,-0.7262%,-1.1400%,-2.5634%,0.2131%,1.2454%,1.2706%,2.5985%,-0.9500%,-2.4389%,0.2466%,1.3075%,1.0897%,2.5042%,-0.7557%,-1.8243%,0.4014%,1.9253%,1.1723%,3.0823%
1992-09-30,-0.5814%,0.6362%,-0.0298%,0.4457%,0.8975%,-1.1018%,0.1269%,-0.1746%,-0.0041%,0.5436%,1.4393%,-1.2714%,-0.6445%,0.1719%,-0.4022%,0.9853%,1.3255%,-1.2797%,0.2589%,0.4480%
1992-10-31,2.3891%,3.2647%,2.7278%,3.7661%,2.4052%,2.4021%,1.2480%,2.0794%,2.5374%,3.0023%,2.4140%,2.9141%,1.4626%,2.7907%,3.9234%,3.1276%,2.7432%,2.6887%,1.1891%,1.5084%
1992-11-30,4.1887%,0.0439%,1.9235%,0.3811%,0.3979%,5.2777%,4.1872%,3.7522%,2.3850%,0.3798%,-0.3416%,5.7569%,3.7789%,3.0302%,1.0663%,-0.2776%,-0.6572%,5.4501%,3.6722%,3.7267%
1992-12-31,0.1032%,1.1327%,-0.2414%,2.3182%,1.8023%,-1.0963%,0.7368%,0.9475%,-0.2357%,2.3829%,1.9716%,-1.1068%,0.3159%,1.1005%,-0.1643%,1.9826%,1.5797%,-0.8696%,0.9882%,0.8744%
1993-01-31,4.8057%,3.5855%,0.8085%,2.6173%,0.4461%,5.6164%,2.4754%,5.2539%,2.3437%,2.7454%,1.9543%,5.1823%,4.4419%,4.7929%,4.0578%,3.9192%,2.7795%,4.3399%,2.7009%,3.0616%
1993-02-28,2.4170%,6.9337%,7.4488%,6.7277%,6.0673%,1.7537%,2.5905%,0.3722%,7.5494%,6.4829%,5.7860%,3.0290%,2.9565%,1.2656%,8.0099%,6.4959%,6.2952%,1.9863%,3.0083%,0.2716%
1993-03-31,0.8537%,-0.2504%,-0.9696%,-1.6398%,-2.1828%,2.6064%,1.7766%,1.3932%,-1.0332%,-0.9886%,-2.0094%,0.9531%,1.6312%,-0.0231%,0.3881%,-0.4727%,-0.6664%,1.8630%,1.5688%,0.8085%
1993-04-30,2.5146%,1.7520%,2.0598%,1.4126%,2.5216%,1.8987%,4.2709%,2.3605%,2.3908%,1.1392%,2.1671%,2.2929%,3.1816%,2.0692%,2.3400%,0.1714%,2.7446%,1.7203%,3.2250%,2.1249%
1993-05-31,-2.8426%,0.2018%,-1.3213%,-0.7081%,-0.5547%,-3.2857%,-3.8328%,-2.5192%,-1.9430%,-0.2729%,-0.7794%,-2.9064%,-3.8784%,-1.7429%,-0.2325%,0.4347%,0.4031%,-2.5976%,-3.7335%,-1.9620%
1993-06-30,-1.5482%,-0.5537%,1.2035%,0.1059%,-1.5410%,0.2147%,-2.4195%,-2.5298%,1.3617%,0.4088%,-1.0288%,-0.2646%,-1.7250%,-2.6550%,0.6118%,-0.1546%,-2.1181%,0.0842%,-2.1754%,-2.6457%
1993-07-31,3.9531%,-1.1660%,-2.3166%,0.3219%,-0.7459%,2.5749%,4.8534%,4.1456%,-2.2502%,0.2663%,-0.7459%,2.7083%,4.9384%,4.2126%,-2.2490%,-0.5031%,-0.7459%,2.8090%,4.7197%,4.3121%
1993-08-31,-0.4629%,0.6706%,-0.3271%,1.3098%,1.1651%,-1.1295%,-0.8586%,0.3627%,-0.0303%,1.4311%,1.3159%,-1.0009%,-0.7332%,0.3454%,-0.1505%,0.9540%,1.2084%,-1.5044%,-1.0245%,-0.1455%
1993-09-30,1.8853%,1.3317%,1.1898%,0.4482%,1.2121%,1.8089%,1.2219%,1.8312%,1.4243%,0.4356%,1.2054%,2.2805%,1.3139%,2.0615%,1.5623%,0.7216%,1.7112%,2.0851%,1.2142%,2.2340%
1993-10-31,-0.7134%,-0.8018%,1.0466%,-1.8222%,-0.9609%,0.6331%,-1.2195%,-1.3745%,1.2522%,-2.2400%,0.1031%,0.4450%,-1.8811%,-0.7041%,0.8680%,-2.4023%,-0.8712%,0.8509%,-1.2005%,-0.8883%
1993-11-30,1.9523%,-2.0929%,-2.7922%,-1.1803%,-1.6004%,0.8897%,2.1991%,2.0815%,-2.8421%,-0.7335%,-2.4567%,1.6715%,2.1285%,2.0569%,-3.0611%,-1.0947%,-2.1230%,1.3576%,2.0372%,2.2958%
1993-12-31,-0.8097%,1.0565%,1.1132%,0.6059%,1.0703%,-0.3601%,-0.3988%,-0.4031%,1.0180%,0.2556%,0.8543%,-0.5225%,-1.2203%,-0.6862%,1.0714%,0.9055%,1.1926%,-0.4944%,-0.4389%,-0.3731%
1994-01-31,1.2754%,1.9921%,2.6960%,1.8426%,1.3619%,0.6871%,1.2022%,-0.6470%,0.9619%,1.8163%,1.4525%,1.4153%,0.5051%,1.9059%,2.0856%,2.1946%,1.6961%,0.0827%,1.1408%,-0.3068%
1994-02-28,-0.8951%,-2.8238%,-2.7702%,-3.1452%,-2.1346%,-0.6741%,0.8290%,-0.0385%,-3.3792%,-3.1930%,-1.8770%,-1.8768%,-0.4337%,-0.3747%,-2.8935%,-2.5615%,-3.0163%,0.0587%,0.8084%,-0.0640%
1994-03-31,-1.5657%,-0.3847%,-0.9430%,-0.8827%,-1.4300%,-1.9439%,-1.5350%,-2.4309%,-0.6239%,-0.9789%,-0.9142%,-1.7012%,-1.0043%,-1.9916%,-0.5285%,0.2253%,-0.8508%,-1.6841%,-1.5222%,-2.0063%
1994-04-30,2.3199%,-0.6431%,-0.0048%,-0.1700%,-1.0023%,2.9847%,1.7599%,1.9873%,-0.1678%,-0.1829%,-1.0618%,2.8692%,2.1153%,1.9752%,-0.3344%,-0.5516%,-1.0434%,2.9101%,1.7773%,2.2010%
1994-05-31,1.9118%,-0.7748%,-0.6942%,-0.2592%,0.5745%,1.2764%,1.9596%,2.5451%,-0.4708%,0.0769%,0.6156%,1.8665%,0.9160%,2.9529%,-1.5886%,-0.2316%,-0.5041%,0.9170%,1.9894%,2.0016%
1994-06-30,1.3835%,-0.5201%,-1.2135%,0.0487%,-0.6912%,1.0892%,1.4080%,1.6115%,-1.1499%,0.2420%,-0.2907%,1.0278%,1.2358%,1.8870%,-1.2284%,0.2533%,-0.5852%,1.1478%,1.4187%,1.7910%
1994-07-31,0.5240%,-0.0139%,-0.2315%,0.0455%,0.4968%,0.1950%,0.5470%,0.9232%,-0.2842%,-0.0297%,0.5016%,0.0997%,0.5867%,0.8855%,-0.1874%,-0.0318%,0.1774%,0.4289%,0.6489%,0.7937%
1994-08-31,-2.8014%,3.0843%,3.2796%,2.2898%,3.0837%,-2.2979%,-2.9289%,-2.4939%,3.0503%,2.5417%,3.2403%,-2.6297%,-3.3350%,-2.4396%,3.3431%,2.7328%,3.1770%,-2.2822%,-2.8918%,-2.4483%
1994-09-30,2.2154%,1.8490%,-0.3674%,0.9276%,1.0219%,1.5969%,1.3608%,2.9863%,-0.3187%,0.6736%,1.2505%,1.1814%,2.7140%,2.7506%,1.2916%,2.0786%,2.1769%,0.8436%,1.1387%,1.7289%
1994-10-31,0.2807%,0.9101%,0.3655%,0.3425%,1.8283%,-0.6970%,-0.2336%,0.7657%,0.5757%,0.5517%,1.5566%,0.0206%,-0.1800%,1.0015%,0.2312%,0.8791%,1.6201%,-0.3731%,0.0091%,1.0158%
1994-11-30,1.4697%,0.1486%,-0.3024%,-0.6855%,0.0994%,0.8983%,2.2638%,1.3001%,-0.7123%,-0.3967%,-0.2158%,0.9226%,2.0674%,1.4191%,-0.5092%,0.3147%,0.6403%,0.5926%,1.9117%,1.7421%
1994-12-31,-0.2341%,1.2510%,1.2421%,1.2003%,1.2340%,0.0551%,-0.6867%,0.0470%,1.2291%,1.2646%,1.2778%,0.0201%,-0.7912%,0.0688%,1.4287%,0.8283%,1.4960%,0.0324%,-0.5272%,0.0997%
1995-01-31,0.8751%,2.1486%,1.6169%,1.6240%,2.5918%,0.0666%,-0.2953%,1.0415%,1.8361%,1.6171%,2.8739%,0.4753%,0.6368%,1.5131%,2.3252%,1.7948%,2.3259%,0.3352%,0.3107%,0.3359%
1995-02-28,0.0322%,0.1810%,-0.0909%,0.0976%,0.4195%,-0.2417%,-0.6521%,0.2686%,0.7902%,0.1931%,-0.0310%,0.4636%,-0.0095%,-0.3575%,0.3191%,0.4222%,-0.1984%,-0.0079%,-0.3657%,-0.5253%
1995-03-31,0.2013%,-0.5183%,-0.2901%,-0.4860%,-1.0406%,0.9687%,-0.2100%,0.2182%,0.2216%,-0.4951%,-0.8092%,1.0590%,-0.4835%,0.0283%,-0.3414%,-0.2816%,-0.9318%,0.8223%,-0.2663%,0.2320%
1995-04-30,0.5752%,0.9204%,0.3637%,0.7692%,1.2718%,-0.2199%,0.8846%,0.6882%,0.2102%,1.0447%,1.0335%,0.0659%,0.7703%,0.8892%,0.5511%,1.0172%,1.1927%,-0.1806%,0.8886%,0.4610%
1995-05-31,0.7451%,-0.4982%,-0.1665%,-1.3342%,-1.2666%,1.8304%,0.4055%,0.7303%,0.0522%,-1.0835%,-0.7173%,1.2416%,0.5216%,0.4721%,0.0419%,-0.1918%,-1.3448%,1.9679%,0.2417%,0.5812%
1995-06-30,-3.8196%,3.3028%,2.9216%,1.7204%,1.6355%,-3.6232%,-1.1661%,-4.9094%,3.1434%,3.0080%,2.0900%,-3.6610%,-3.0833%,-4.7144%,3.1061%,4.2682%,2.5341%,-3.7107%,-1.3175%,-4.2828%
1995-07-31,4.0199%,2.4660%,0.5554%,-0.0879%,-0.1684%,4.3141%,3.7568%,3.5903%,0.0280%,-0.0104%,0.4801%,3.9048%,3.7980%,4.3569%,3.3020%,2.3490%,1.7472%,4.1318%,3.3800%,2.5769%
1995-08-31,-0.9673%,-1.6135%,-1.0901%,-0.7987%,-2.3309%,0.1232%,-1.0627%,-1.1176%,-0.8251%,-0.9047%,-2.0308%,-0.0130%,-1.6702%,-1.2187%,-0.7738%,-2.4890%,-1.5778%,0.0487%,-0.3954%,-0.7554%
1995-09-30,0.3078%,1.0983%,0.9966%,1.0792%,1.3898%,-0.0435%,1.3179%,0.3497%,0.9517%,1.2070%,1.8265%,-0.2133%,0.4751%,0.6615%,0.9599%,0.8781%,1.4569%,-0.0387%,1.1602%,0.4583%
1995-10-31,2.6160%,3.1475%,4.6034%,1.9978%,1.4676%,3.9090%,1.4556%,0.7732%,4.7107%,2.1188%,1.2051%,4.5158%,2.3219%,1.0102%,4.4179%,3.2215%,1.8031%,3.7613%,1.2374%,1.1466%
1995-11-30,-0.9795%,0.1765%,0.5636%,0.6028%,0.5833%,-1.2153%,-1.2206%,-1.1956%,1.0253%,0.4450%,0.5985%,-0.5622%,-1.3874%,-0.9889%,0.7655%,0.1646%,-0.4008%,-0.3385%,-1.6514%,-1.5048%
1995-12-31,4.2961%,1.0729%,0.7349%,-0.1953%,-0.7194%,5.2971%,3.8603%,3.8428%,0.3252%,-0.1603%,-0.1843%,4.7199%,3.9580%,4.2103%,1.0464%,1.4058%,0.7666%,4.3330%,4.0571%,4.0531%
1996-01-31,1.2503%,0.0488%,0.6667%,0.8334%,0.1108%,1.3582%,2.2155%,0.8023%,0.9012%,0.6097%,1.1895%,0.6732%,2.1162%,0.9615%,0.2199%,0.1577%,-0.2312%,1.3444%,1.9614%,0.8933%
1996-02-29,-1.3724%,3.5394%,4.1947%,3.2546%,2.9602%,0.4472%,-0.8406%,-0.7873%,3.4981%,2.9935%,3.1596%,-1.1913%,-1.3960%,-1.5298%,4.3307%,2.6291%,3.6585%,-0.1795%,-0.6703%,-0.8517%
1996-03-31,-1.0819%,-1.5477%,-1.2381%,-0.9625%,-0.3029%,-1.4975%,0.7966%,-0.5624%,-1.0405%,-0.7815%,-1.3070%,-0.7499%,-1.4795%,-1.0164%,-1.5364%,-1.5143%,-1.5922%,-0.2096%,0.3216%,-0.2655%
1996-04-30,-2.7792%,3.8500%,0.2116%,4.1095%,5.1735%,-4.2921%,-2.2800%,0.6697%,-0.9127%,3.7467%,4.5358%,-5.6319%,-2.5223%,-0.1834%,2.0664%,3.2721%,6.2115%,-2.6033%,-2.2640%,1.5418%
1996-05-31,1.7076%,1.4010%,0.7256%,1.3262%,0.9203%,0.9815%,2.0285%,1.1763%,0.7215%,1.0915%,0.5529%,1.8363%,1.6188%,1.6678%,1.4195%,1.1773%,1.6063%,0.6278%,1.8314%,0.8146%
1996-06-30,-3.8572%,-2.8519%,-2.8913%,-2.8965%,1.8246%,-6.0703%,-3.5702%,-1.3545%,-2.8604%,-2.4528%,1.4447%,-6.1192%,-3.6384%,-1.8140%,-2.9335%,-2.8293%,-2.7930%,-2.1342%,-3.0877%,-1.9937%
1996-07-31,5.3928%,4.1125%,1.3129%,-0.4873%,4.0848%,1.6340%,5.3626%,4.4059%,1.7866%,0.9902%,0.7280%,6.2764%,4.6841%,5.2178%,3.4657%,3.9058%,4.9660%,3.5815%,3.3418%,5.0818%
1996-08-31,-3.0267%,-3.2819%,-3.3830%,-1.5921%,-1.8295%,-2.2795%,-0.8014%,-0.7260%,-1.7577%,-1.4258%,-2.4990%,-2.4515%,-3.4360%,-3.1928%,-3.9855%,-3.1545%,-2.7057%,-2.3723%,-0.8902%,-1.0925%
1996-09-30,2.0756%,-1.2175%,-1.7844%,0.9314%,0.5287%,0.0976%,2.8605%,2.4107%,0.1300%,-0.2623%,1.5817%,1.4330%,1.9090%,2.8847%,-1.3347%,-1.6635%,-0.6542%,1.1360%,2.4629%,1.8164%
1996-10-31,-3.6012%,5.3024%,6.9094%,4.0303%,3.7930%,0.6908%,-2.0925%,-2.4256%,3.6120%,3.7527%,3.9920%,-3.4923%,-4.1991%,-3.1123%,4.0828%,6.3045%,5.5199%,-1.6173%,-1.5950%,-0.1802%
1996-11-30,0.4464%,-0.8425%,-2.8698%,-0.5115%,0.7856%,-1.5841%,0.5300%,2.0714%,-2.9457%,-0.1597%,0.5616%,-1.3088%,0.4495%,2.1985%,-2.9227%,-0.5496%,0.9448%,-1.5064%,0.6181%,2.3611%
1996-12-31,-0.8475%,-0.3446%,0.2353%,-0.7405%,-0.8421%,-0.6602%,-0.2311%,-1.7377%,0.3784%,-0.7434%,-0.8193%,-0.6332%,-0.0783%,-1.8309%,0.4743%,-0.8084%,-0.6996%,-0.5650%,0.0154%,-1.7390%
1997-01-31,-2.5721%,1.8613%,1.1086%,2.3189%,0.3075%,-2.0777%,-2.1694%,-2.8788%,0.1472%,2.2782%,0.8401%,-3.7072%,-0.9948%,-3.0144%,2.1926%,1.4786%,1.9125%,-2.1956%,-2.1721%,-2.4757%
1997-02-28,-3.2472%,1.4969%,1.1539%,3.7170%,0.9034%,-3.3013%,-2.7398%,-3.5518%,1.7156%,3.7833%,1.2719%,-3.5348%,-2.2284%,-3.9785%,2.0437%,1.2646%,1.1824%,-3.6896%,-3.0387%,-4.5509%
1997-03-31,2.4263%,0.3613%,0.8891%,-1.5260%,0.2208%,2.9100%,2.0508%,2.2417%,0.8579%,-1.3132%,0.4237%,2.7519%,2.2092%,2.3177%,0.8398%,-0.2280%,0.4720%,2.6730%,2.0078%,2.3052%
1997-04-30,-0.6080%,3.5114%,2.1523%,4.5991%,2.3963%,-1.4909%,3.5788%,-1.2469%,3.6657%,4.5192%,4.1607%,-1.8704%,1.4217%,-1.3754%,4.0265%,3.7407%,2.7670%,0.2610%,2.8029%,-0.9985%
1997-05-31,-3.3465%,-4.6943%,-3.7470%,-3.9499%,-3.4945%,-1.9400%,-0.4797%,-1.6875%,-4.1368%,-3.8239%,-3.9588%,-3.8078%,-2.6019%,-3.6298%,-5.4334%,-4.3341%,-4.3154%,-1.7108%,-0.4184%,-0.5929%
1997-06-30,-1.4509%,1.0354%,0.2455%,0.3561%,0.7602%,-1.3946%,-1.3342%,-0.8800%,0.4298%,0.5432%,-0.3002%,-1.1772%,-1.2683%,-1.9072%,1.2337%,0.7673%,1.1052%,-0.9550%,-1.7015%,-1.0836%
1997-07-31,-1.7361%,1.4344%,0.7159%,1.1979%,3.1451%,-3.8413%,0.0569%,-1.4121%,1.5147%,1.4383%,2.9354%,-3.4293%,0.2295%,-2.0086%,0.4903%,0.9045%,2.9085%,-3.9603%,-0.8552%,-1.5421%
1997-08-31,-0.3000%,-2.6078%,-4.4407%,-2.1991%,-1.7624%,-0.8974%,2.0954%,1.7809%,-3.7129%,-1.8679%,-2.1790%,-0.6759%,-1.0820%,0.8580%,-3.2910%,-2.5344%,-1.9979%,0.0376%,2.3164%,1.3306%
1997-09-30,0.6968%,-0.5383%,0.0341%,0.7540%,0.0043%,1.2033%,-0.8140%,1.1736%,-1.3642%,0.4340%,-0.8518%,0.6473%,0.2834%,1.1596%,-0.4061%,-0.0289%,-1.1798%,1.8680%,-0.3081%,1.0943%
1997-10-31,0.6947%,1.9508%,3.1597%,0.8100%,1.4415%,1.2684%,1.5282%,-0.4498%,3.3584%,1.1446%,1.9086%,1.2788%,0.9762%,-0.1710%,3.1560%,1.3298%,1.3665%,1.3252%,1.5669%,-0.4642%
1997-11-30,2.9743%,4.7980%,4.0218%,4.2747%,5.1152%,0.9807%,2.9510%,2.0741%,2.4564%,5.2058%,5.3896%,1.2775%,3.4347%,4.2107%,4.2612%,5.2135%,4.9192%,1.5897%,3.1942%,2.2477%
1997-12-31,3.4432%,1.4169%,0.4193%,-2.5005%,,,5.4683%,2.5057%,-0.8294%,-2.2571%,-0.8910%,3.6405%,3.1102%,3.5789%,1.3012%,1.5829%,1.3667%,2.8867%,3.6669%,2.9522%
1998-01-31,-3.2541%,0.8238%,1.9800%,1.4085%,1.2036%,-2.6407%,-4.7892%,-3.4171%,2.8825%,1.5657%,1.8453%,-2.2982%,-4.1288%,-3.3354%,0.9886%,0.6526%,0.8302%,-2.8092%,-4.8168%,-2.9676%
1998-02-28,1.5058%,-0.2540%,0.2370%,-1.5648%,0.0916%,1.3634%,1.8173%,1.2180%,-0.3194%,-0.8286%,0.0284%,1.1296%,1.9106%,1.4774%,0.5188%,-1.2511%,-0.0297%,1.4969%,2.0518%,0.9484%
1998-03-31,-1.8597%,-1.8731%,-1.1851%,-1.0364%,-1.1953%,-1.4446%,-0.8322%,-1.4548%,-0.8918%,-0.7163%,-0.3601%,-1.8993%,-2.3123%,-1.3676%,-1.8127%,-2.3402%,-1.4664%,-1.2422%,-0.9000%,-0.8959%
1998-04-30,-1.6247%,2.1345%,0.5939%,1.6994%,2.8733%,-2.6009%,-0.8495%,-0.3215%,0.5548%,1.4854%,3.0424%,-2.9181%,-1.5253%,-0.4305%,1.4969%,1.6437%,3.2627%,-2.1467%,-1.0723%,-0.3809%
1998-05-31,-3.0388%,-3.3550%,-2.8757%,-2.1063%,-2.7729%,-2.6197%,-1.3825%,-2.5169%,-3.6580%,-1.6890%,-3.1062%,-3.1430%,-3.3822%,-2.5912%,-3.2631%,-3.5822%,-3.2197%,-2.9299%,-1.0846%,-2.8865%
1998-06-30,-1.1100%,-1.3387%,-0.4950%,-2.2600%,-1.1422%,-0.4675%,-0.9135%,-1.1147%,-0.9276%,-2.1326%,-0.7317%,-1.4797%,-0.5663%,-1.2839%,-0.7748%,-3.0477%,-0.1936%,-0.7985%,-0.9723%,-0.2172%
1998-07-31,3.0175%,0.0403%,1.3347%,-0.0318%,0.2509%,3.9250%,2.5980%,2.8412%,0.6561%,0.3002%,0.0791%,3.5286%,2.5722%,2.9516%,0.7023%,-0.3973%,-0.1840%,3.8972%,2.6614%,3.0110%
1998-08-31,1.2580%,3.1023%,4.6448%,1.9700%,3.4227%,2.6494%,0.0578%,1.4273%,6.1073%,1.0014%,3.7629%,3.3211%,-0.5237%,0.9767%,4.8923%,0.9171%,3.4974%,2.9415%,0.6587%,1.5466%
1998-09-30,-1.1243%,-3.8479%,-3.4026%,-3.4094%,-5.5582%,2.0795%,-1.1481%,-0.0760%,-1.9754%,-3.5443%,-4.6457%,0.3829%,-1.4684%,-2.2874%,-2.0114%,-3.3676%,-6.1648%,3.0706%,-0.9797%,-1.0827%
1998-10-31,-1.8544%,1.0936%,-1.3103%,1.6443%,0.4831%,-2.6393%,-2.8117%,-0.8459%,-2.0651%,1.3468%,-0.3086%,-2.0290%,-3.2617%,-0.2724%,2.4605%,0.3263%,0.4939%,0.5594%,-2.7244%,-1.4072%
1998-11-30,-0.4307%,-1.4175%,-0.9802%,-2.6537%,-0.0435%,-0.6277%,-0.8783%,0.3090%,-0.6090%,-2.3533%,0.0659%,-0.1893%,-1.5884%,0.4857%,-1.3992%,-1.8284%,-1.0248%,0.3565%,-0.7357%,0.7309%
1998-12-31,8.1952%,-1.6444%,1.1128%,-0.9378%,1.2788%,8.0928%,9.2072%,8.2587%,0.9707%,-0.7905%,0.4261%,7.6691%,9.7921%,7.1244%,-0.4436%,-3.1117%,-1.3778%,7.4713%,8.7801%,6.5370%
1999-01-31,10.8196%,6.3302%,0.8322%,0.4332%,2.3323%,9.9007%,8.9245%,11.4008%,0.8408%,0.6185%,3.3674%,9.5970%,10.7381%,12.1236%,5.1770%,9.3692%,4.4443%,9.4971%,8.1840%,8.7643%
1999-02-28,-5.1479%,-0.4095%,0.3073%,1.4248%,1.2306%,-5.3944%,-6.1679%,-4.4710%,0.9601%,1.5422%,0.8920%,-4.7606%,-5.8543%,-4.8287%,-0.3846%,-1.6149%,0.7710%,-5.2402%,-6.1017%,-4.0846%
1999-03-31,-3.5652%,-1.5127%,-0.2179%,0.1666%,-2.0263%,-2.5827%,-2.7677%,-4.3911%,0.5820%,0.1678%,-1.4849%,-1.4339%,-5.7609%,-3.5008%,-0.9930%,-1.1550%,-2.3900%,-3.2172%,-2.4317%,-4.6143%
1999-04-30,-5.6341%,-7.4766%,-5.3015%,-8.2333%,-5.3866%,-5.3035%,-2.8219%,-5.3886%,-4.6199%,-8.3244%,-4.5932%,-6.1886%,-4.5518%,-6.1619%,-6.6286%,-10.8930%,-4.9083%,-5.2800%,-3.0103%,-3.5597%
1999-05-31,3.0125%,-0.8572%,1.9627%,1.3886%,-1.0957%,4.8254%,2.8066%,1.7671%,1.0588%,1.1592%,-1.5811%,4.2996%,3.0781%,1.6597%,-0.2987%,-0.7137%,-1.5591%,4.0230%,2.3078%,2.7627%
1999-06-30,-3.7975%,4.0565%,2.0545%,4.1130%,3.4965%,-3.6289%,-3.5466%,-2.1869%,2.9429%,4.5577%,3.4932%,-4.0168%,-3.9093%,-3.4666%,3.8852%,4.0810%,4.2033%,-1.8458%,-3.8985%,-1.5276%
1999-07-31,-0.6902%,-0.5291%,-2.0230%,-1.7029%,,,-2.7348%,2.0963%,0.9682%,-1.0963%,1.7975%,-1.3048%,-0.2902%,-0.4755%,-0.4367%,0.1349%,-1.2856%,1.2999%,-2.2929%,0.4510%
1999-08-31,0.9150%,5.1343%,6.0459%,4.0649%,6.3929%,2.2483%,0.8348%,2.5953%,5.4653%,4.4318%,5.1696%,1.6903%,-0.3398%,1.3946%,5.2025%,3.9500%,6.2503%,1.5033%,0.7450%,2.5512%
1999-09-30,1.5767%,4.2270%,4.5108%,5.7290%,3.7452%,-0.1388%,-2.1450%,-0.9044%,3.9085%,5.6161%,2.8963%,1.1436%,3.4551%,0.1314%,5.0259%,3.4720%,4.1831%,-0.2177%,-1.4271%,-1.0605%
1999-10-31,1.4603%,2.6316%,1.9279%,-0.5347%,7.2144%,-3.9559%,-0.2067%,1.3305%,1.7527%,1.4515%,4.4476%,-0.1517%,1.9892%,2.5432%,2.6170%,2.3689%,2.9088%,0.0322%,-0.5045%,0.3240%
1999-11-30,0.0779%,11.2444%,9.9854%,11.8527%,13.0650%,-3.3017%,-3.4872%,-0.2221%,9.5670%,12.4453%,12.1937%,-1.3771%,0.3612%,1.2495%,9.9149%,11.6278%,12.1904%,-2.8825%,-3.4810%,-0.6070%
1999-12-31,18.3209%,15.2588%,,5.0045%,,,15.4753%,,4.9196%,4.0536%,5.0389%,20.6948%,13.4538%,20.8141%,17.9934%,14.0354%,13.7475%,11.1712%,13.2770%,6.9253%
2000-01-31,-1.0395%,0.0370%,0.8027%,-0.4945%,2.0416%,-2.5662%,-0.7934%,-1.3273%,0.6284%,-0.7439%,3.3565%,-1.9499%,-1.9468%,0.7782%,-0.9926%,0.3828%,0.7209%,-0.3028%,-1.0150%,1.4107%
2000-02-29,2.8481%,-6.1745%,-13.9862%,-3.7206%,-12.7381%,9.1643%,4.3762%,10.4124%,-5.3595%,-1.8955%,-11.6987%,5.2712%,4.3411%,-1.0679%,-10.2558%,-8.4265%,0.1588%,2.9631%,4.1628%,13.3777%
2000-03-31,-17.5764%,-7.9088%,-3.7020%,-1.0625%,2.0757%,-20.4785%,-14.6622%,-14.7008%,-1.3420%,-0.5099%,-0.6283%,-17.6904%,-18.0620%,-16.9767%,-13.1237%,-5.3683%,-5.2344%,-20.4832%,-14.6294%,-12.5939%
2000-04-30,12.8538%,-3.8738%,0.9168%,1.7564%,-3.8069%,15.0615%,11.7179%,10.3378%,-0.2743%,1.3920%,-2.3465%,14.2889%,12.0558%,12.2167%,-2.8794%,-1.2811%,-7.4609%,15.3305%,11.3030%,10.7489%
2000-05-31,14.4247%,-11.8227%,-7.0748%,-6.3865%,-8.7348%,12.4806%,10.8750%,10.8206%,-7.9572%,-4.8972%,-7.0119%,14.2039%,13.9211%,15.1492%,-9.7108%,-14.3300%,-11.4272%,11.6650%,9.7875%,9.9486%
2000-06-30,-19.9080%,18.8060%,,4.6512%,,,-9.8828%,,11.0710%,2.8034%,9.2506%,-19.5401%,-18.8232%,-21.3606%,19.3464%,17.9485%,19.1232%,-10.9917%,-7.1519%,-11.2149%
2000-07-31,-7.1026%,-6.8319%,-1.1872%,-1.8335%,-9.3458%,1.2937%,-2.9021%,-6.8649%,-4.2686%,-1.1423%,-2.7347%,-7.3226%,-8.1966%,-5.7887%,-6.3146%,-7.5648%,-6.6164%,-4.6095%,-3.0507%,-4.9114%
2000-08-31,-4.2432%,6.6964%,4.3774%,5.4691%,8.3766%,-2.6726%,-2.2522%,1.3266%,5.9895%,4.5349%,6.8857%,-5.6602%,-2.3055%,-4.7639%,6.2356%,6.7499%,7.1038%,-1.4259%,-0.8396%,-0.5577%
2000-09-30,-6.8637%,-10.3854%,-11.6911%,-8.5632%,-8.2963%,-3.3768%,-0.3583%,0.0180%,-8.8236%,-8.7691%,-8.9151%,-6.3350%,-7.8295%,-6.4265%,-9.8786%,-11.2194%,-10.0582%,-1.8267%,0.7843%,-2.0063%
2000-10-31,9.7360%,-12.3509%,-5.9240%,-11.0794%,-8.0398%,7.2504%,-0.3080%,5.1345%,-9.7322%,-9.0096%,-8.1884%,10.1656%,7.3330%,11.7093%,-14.8173%,-10.9506%,-11.2848%,0.8243%,-0.5902%,4.3569%
2000-11-30,20.5390%,-18.4931%,-6.1232%,-7.2653%,-10.9766%,17.9878%,12.3149%,13.1345%,-9.5212%,-4.6247%,-9.9579%,21.0557%,19.9423%,20.6190%,-19.5534%,-16.9517%,-18.9741%,14.0377%,9.7844%,14.6170%
2000-12-31,6.3812%,-2.7152%,0.0270%,-5.0169%,-1.4380%,6.9404%,6.1176%,5.4753%,0.8422%,-5.2838%,-1.0247%,6.6120%,7.7866%,4.7451%,0.0317%,-5.5695%,-2.6079%,6.3388%,5.7731%,3.6992%
2001-01-31,-7.7319%,6.4368%,-1.0417%,5.8278%,5.1400%,-12.3477%,-4.1431%,-6.1661%,1.6086%,4.5715%,5.0110%,-10.5260%,-5.5461%,-7.1236%,4.6055%,7.6608%,7.0441%,-7.4094%,-4.7391%,-4.9709%
2001-02-28,-18.2574%,-3.5454%,-7.2023%,-3.2332%,9.6465%,-28.2470%,-16.2327%,-11.3981%,-5.4758%,-1.5669%,8.6518%,-27.3207%,-14.2586%,-13.1930%,-10.7338%,-5.2234%,5.3210%,-26.6283%,-14.3888%,-10.5735%
2001-03-31,9.9814%,7.2057%,4.5704%,2.8904%,3.0704%,9.9253%,6.6537%,8.4254%,5.5881%,3.0450%,3.6714%,11.9204%,8.0202%,10.0037%,8.4006%,5.7306%,7.4860%,9.9558%,6.6537%,9.0411%
2001-04-30,-10.8105%,-7.4860%,,-2.8812%,3.3715%,-13.8921%,-11.1870%,,-3.7006%,-2.2796%,3.8912%,-14.9037%,-10.2158%,-7.3119%,-8.9072%,-8.1310%,-5.4197%,-7.8291%,-9.5261%,-4.3415%
2001-05-31,-4.4121%,2.6183%,-0.5238%,0.1460%,,-5.0691%,-4.1361%,,-0.8446%,0.6459%,1.1563%,-5.4269%,-4.3835%,-3.4260%,1.2353%,3.2282%,3.3914%,-4.6873%,-3.9242%,-2.5312%
2001-06-30,1.7966%,0.6949%,0.9361%,0.5869%,-1.3207%,2.7976%,1.9530%,0.5408%,-0.4490%,0.6464%,-0.9792%,2.2244%,1.4712%,1.6942%,0.5121%,2.2352%,-0.6626%,1.1882%,2.1278%,0.0135%
2001-07-31,-2.5109%,5.6525%,7.0613%,4.6548%,7.0863%,-4.1837%,-1.8502%,-4.1587%,6.1624%,4.6494%,6.6443%,-3.8134%,-0.3879%,-3.3315%,6.3191%,4.2396%,6.3990%,-3.2805%,-1.6479%,-3.2006%
2001-08-31,4.6376%,4.9334%,2.1643%,5.3033%,1.4567%,5.1757%,1.6525%,4.4681%,4.5051%,4.8773%,2.3801%,5.8970%,4.2438%,3.7719%,4.2713%,5.2527%,5.2763%,2.6817%,2.0158%,3.6866%
2001-09-30,10.0400%,7.9851%,,1.2128%,3.5376%,7.7987%,7.1845%,,3.1392%,2.6312%,3.3008%,9.9398%,10.0787%,10.1014%,8.6433%,6.3727%,8.9394%,7.7474%,5.4484%,8.0435%
2001-10-31,-9.7557%,-7.8039%,-7.0898%,-0.9939%,-2.6795%,-9.4890%,-6.1315%,-5.0787%,-5.0989%,-1.2234%,-3.8099%,-10.4552%,-9.6458%,-9.1662%,-9.0025%,-7.7243%,-6.6849%,-9.2112%,-5.5686%,-6.8936%
2001-11-30,6.4381%,-4.2971%,0.1480%,-0.9720%,-3.4524%,7.2238%,5.3436%,3.6235%,-1.3115%,-0.7669%,-2.4052%,7.4402%,5.5275%,6.3466%,-4.4872%,-1.8347%,-6.5694%,6.9528%,5.2727%,4.8706%
2001-12-31,-1.4697%,1.7645%,-1.8318%,1.1307%,3.8720%,-3.8976%,-1.2858%,1.8062%,-1.5500%,1.2198%,3.7807%,-4.1076%,-1.5244%,1.2231%,-1.1760%,2.4815%,3.9882%,-3.5598%,-0.9923%,1.6044%
2002-01-31,-2.1456%,0.5536%,0.6978%,1.5787%,0.6448%,-1.9306%,-3.2017%,-1.9837%,1.0804%,1.8811%,0.8637%,-1.6562%,-2.9078%,-1.8729%,0.4465%,0.1284%,1.0858%,-2.4971%,-2.4847%,-1.8578%
2002-02-28,1.1608%,8.0777%,3.8648%,10.2695%,8.5970%,-2.3062%,-0.4968%,2.4260%,3.6682%,9.9074%,9.0598%,-1.5330%,1.1569%,3.8585%,6.6302%,9.4312%,8.1717%,-2.6142%,-0.1113%,-1.0728%
2002-03-31,-3.6940%,-1.6216%,1.8517%,0.4705%,-1.4904%,-1.8584%,-4.3404%,-5.2004%,0.7281%,0.0603%,-0.2448%,-3.7022%,-2.7046%,-4.6751%,-1.1205%,-0.3903%,-3.3541%,-3.0131%,-3.3241%,-5.2466%
2002-04-30,-1.6406%,4.6789%,6.9994%,3.3802%,5.5963%,2.4131%,-0.4152%,1.0099%,6.4454%,3.3128%,3.0456%,-0.7515%,-0.0190%,-4.1512%,5.8810%,3.5532%,4.6027%,0.2201%,-0.3709%,-1.0582%
2002-05-31,2.3095%,2.8934%,2.5187%,1.7443%,2.1112%,1.7570%,0.3340%,1.3494%,2.0993%,1.7305%,3.0743%,1.8578%,2.2378%,2.8328%,2.5782%,3.7623%,2.3395%,1.2959%,0.1492%,1.0572%
2002-06-30,4.7610%,2.7846%,1.8770%,-0.1463%,2.0072%,3.8291%,4.4537%,3.9593%,1.9451%,1.2113%,2.1249%,4.6848%,4.7336%,4.8647%,2.7108%,1.5202%,4.1227%,3.5177%,5.0189%,4.9296%
2002-07-31,4.0757%,2.4476%,1.8999%,-0.2324%,3.1615%,1.7598%,4.8082%,3.0215%,1.9289%,-0.2651%,2.7451%,3.1116%,5.1878%,3.9278%,1.9644%,1.3380%,4.0403%,1.5429%,4.8383%,3.6189%
2002-08-31,0.2704%,-0.4371%,-0.1983%,-1.7030%,0.4280%,-0.2943%,0.9761%,0.3319%,-0.6995%,-1.3882%,0.3798%,-0.6229%,0.9778%,0.4564%,-0.2089%,-1.5303%,0.4278%,-0.4062%,1.0617%,0.2305%
2002-09-30,2.3230%,1.8407%,2.8203%,0.5436%,2.0017%,2.3635%,3.8464%,1.5450%,2.7564%,1.2430%,1.6411%,2.7248%,2.6347%,1.6095%,2.7966%,0.7805%,1.9452%,2.4252%,3.1387%,1.5738%
2002-10-31,-6.5260%,3.6618%,0.5847%,2.1649%,4.4193%,-8.2260%,-4.7727%,-4.3913%,-0.0826%,1.4604%,5.3892%,-9.8353%,-5.3791%,-4.3635%,1.0102%,3.3109%,6.6642%,-9.3959%,-4.9168%,-3.7420%
2002-11-30,9.4839%,-2.6117%,3.6658%,1.9215%,-1.1632%,11.5725%,10.8408%,6.7435%,4.7734%,1.5140%,-1.4673%,11.8502%,10.9921%,5.6095%,-2.8435%,-0.0720%,-4.9196%,8.9393%,11.7533%,6.8631%
2002-12-31,-7.2193%,5.6880%,5.9932%,2.3341%,4.2485%,-4.6300%,-6.0162%,-6.3747%,4.9538%,2.7125%,3.9847%,-6.8308%,-7.0270%,-7.7999%,7.1239%,4.3906%,5.5494%,-4.8839%,-6.2887%,-6.4585%
2003-01-31,-1.5543%,-1.7035%,-1.2209%,-1.3389%,-0.6840%,-1.3941%,-0.2535%,-0.8572%,-1.5264%,-0.8171%,-0.7019%,-2.1891%,-1.1093%,-1.3646%,-2.5948%,-1.7042%,-0.8116%,-1.4854%,-0.2647%,0.2979%
2003-02-28,0.2444%,-0.8089%,-0.5774%,-1.7119%,0.1402%,-0.1318%,0.0411%,0.5858%,-0.3661%,-1.1532%,-0.3109%,0.2469%,0.1843%,0.3021%,-0.6669%,-0.4990%,-1.2608%,-0.5664%,-0.2097%,-1.1603%
2003-03-31,1.1528%,0.5784%,1.0125%,1.4017%,0.4058%,1.9231%,0.6816%,1.3164%,0.7119%,0.9875%,0.1215%,1.7436%,0.5616%,1.1532%,0.7629%,0.8056%,0.1666%,2.4500%,0.4431%,1.8537%
2003-04-30,-5.7485%,-3.7960%,-0.0169%,-3.7444%,-2.8169%,-3.4432%,-5.9108%,-6.2432%,0.3972%,-3.5548%,-2.3892%,-4.5393%,-5.3804%,-7.3257%,-2.1361%,-5.5604%,-3.6915%,-2.8960%,-6.2083%,-4.4514%
2003-05-31,6.1380%,-6.3210%,-5.4503%,-5.6175%,-2.8590%,4.7982%,3.0146%,7.3895%,-6.2681%,-5.8255%,-3.2619%,5.1926%,5.0226%,8.1988%,-7.2626%,-6.7328%,-4.9676%,3.6998%,3.1359%,5.9948%
2003-06-30,0.2006%,-0.1567%,0.4648%,-0.0001%,-0.8521%,1.1668%,-0.2719%,-0.1500%,0.4253%,-0.0278%,-0.9253%,0.9907%,-0.0290%,-0.3599%,0.3868%,-0.0802%,-0.7768%,0.9673%,-0.1731%,-0.1963%
2003-07-31,0.4557%,0.4624%,1.1007%,0.6402%,-0.5288%,2.1311%,-1.1417%,0.5016%,1.2243%,0.7283%,-0.2171%,1.8450%,-0.8814%,0.4036%,1.1401%,0.5452%,-0.2982%,2.2068%,-1.1433%,0.7685%
2003-08-31,4.1293%,2.7864%,3.3274%,0.1081%,-0.1659%,5.5124%,2.0970%,2.0190%,2.7563%,0.1396%,-0.3911%,5.2752%,4.9848%,2.1278%,4.0474%,4.0839%,0.2278%,5.7252%,1.6022%,1.9056%
2003-09-30,-1.7332%,-0.6012%,0.0700%,-0.2346%,0.3843%,-2.0601%,-1.4984%,-1.7459%,-0.4188%,0.0945%,0.3284%,-2.2040%,-1.5389%,-1.4568%,-1.0808%,-0.8460%,0.1232%,-2.5513%,-1.2974%,-1.3473%
2003-10-31,-2.9702%,2.4879%,-1.4744%,1.5600%,4.3146%,-5.9258%,-0.7657%,-0.1367%,-0.1360%,1.2606%,3.4651%,-4.6881%,-3.1356%,-1.0870%,-0.6221%,4.0405%,4.0453%,-4.7208%,-0.5249%,-0.0534%
2003-11-30,1.7420%,1.1953%,0.6436%,0.2010%,-0.1620%,2.3789%,0.7008%,1.5733%,0.4672%,-0.0198%,0.5908%,1.7104%,1.6816%,1.8340%,1.1362%,1.3747%,1.0750%,1.7467%,0.6868%,1.6855%
2003-12-31,-1.9490%,-0.2658%,-0.9340%,1.0586%,3.4017%,-5.7007%,-0.6958%,-1.3649%,-1.6006%,0.8856%,0.8648%,-3.5016%,-1.3092%,-1.0362%,-1.1022%,-0.3350%,0.6398%,-3.8924%,-0.8232%,-2.1504%
2004-01-31,-1.0548%,3.5369%,2.6836%,3.6512%,3.7862%,-1.4780%,0.0741%,-0.3754%,2.7324%,3.1815%,3.5151%,-1.7637%,-0.4196%,-0.9809%,3.1335%,3.7395%,3.7377%,-1.0715%,0.4870%,-0.4673%
2004-02-29,-2.2315%,-1.6035%,-0.6644%,-0.3507%,0.1224%,-2.5754%,-1.4519%,-1.7886%,-0.9584%,0.0115%,-0.9662%,-2.7715%,-1.1438%,-2.7792%,-0.4412%,-2.0772%,-2.2921%,-0.7574%,-1.5561%,-2.6083%
2004-03-31,1.6673%,-0.3576%,-0.6078%,0.3260%,0.6846%,0.9099%,1.8233%,2.2023%,-0.1107%,0.4224%,0.7223%,0.8974%,2.3740%,1.7304%,-1.1117%,0.1595%,-0.1207%,1.0972%,1.8772%,2.0882%
2004-04-30,0.8916%,-4.2439%,-5.1888%,-4.9091%,-2.3884%,-1.3709%,0.0628%,1.4295%,-4.0916%,-4.3247%,-2.3106%,-0.4115%,1.7168%,1.3695%,-5.5028%,-4.8302%,-2.3987%,-1.5424%,0.0366%,1.5617%
2004-05-31,-1.8196%,1.5060%,-1.4272%,0.5745%,0.0439%,-3.5049%,-0.7263%,-2.0338%,0.1616%,0.5978%,1.9720%,-2.8865%,-1.4961%,-1.0761%,1.0711%,1.0749%,2.3721%,-2.3001%,-0.8252%,-0.9990%
2004-06-30,0.3209%,1.3555%,2.3950%,0.9596%,1.1208%,0.2495%,-0.8967%,-1.0247%,2.1487%,0.8551%,1.3114%,0.6980%,0.4042%,-0.1393%,2.6656%,0.7238%,0.6771%,0.9044%,-0.9496%,-1.0841%
2004-07-31,-1.8151%,-3.7834%,-5.2430%,-3.2895%,-0.1980%,-3.8234%,2.7761%,1.2216%,-6.7551%,-2.5765%,-1.2862%,-4.7037%,-1.5067%,0.7652%,-5.3168%,-4.0760%,-1.9573%,-2.4686%,2.3664%,0.8909%
2004-08-31,3.9338%,-2.1465%,0.0386%,-0.3521%,-1.7744%,4.6010%,3.0471%,2.7879%,-0.1743%,-0.2603%,-1.9457%,4.9706%,3.6315%,3.1993%,-0.8509%,-2.5094%,-3.0791%,4.7667%,2.6051%,2.5385%
2004-09-30,-3.3687%,1.8927%,0.5959%,1.0971%,2.9126%,-4.6276%,-2.6656%,-2.3108%,0.4499%,1.0839%,2.8074%,-4.6204%,-3.2228%,-2.2629%,0.7473%,1.6470%,3.2839%,-4.5211%,-2.1691%,-1.9845%
2004-10-31,1.1407%,1.1479%,0.7421%,0.9946%,-0.0773%,1.8285%,-0.0255%,1.0090%,0.8768%,0.8751%,0.3265%,1.5305%,0.9113%,0.9802%,2.2197%,1.1900%,0.0341%,2.1923%,-0.0952%,0.0067%
2004-11-30,1.3379%,-0.3701%,-2.9843%,1.3467%,1.8145%,-1.0771%,0.9351%,3.7216%,-2.2867%,1.6407%,1.1590%,-0.9903%,2.5487%,2.4554%,-3.0202%,0.7875%,1.1224%,-0.4437%,1.0015%,3.6989%
2004-12-31,-0.1235%,-0.3228%,-1.2767%,-0.6526%,0.6291%,-1.4954%,0.3349%,0.4104%,-0.9338%,-0.4153%,0.7201%,-1.1905%,0.3566%,0.4634%,-1.2159%,-0.2591%,0.5068%,-1.3869%,0.0520%,0.3358%
2005-01-31,-0.8249%,0.8784%,-0.0492%,0.5536%,1.5998%,-1.6070%,-0.6719%,0.0420%,0.0683%,0.6508%,1.4973%,-1.3638%,-1.1761%,0.0652%,-0.2311%,0.9017%,1.9646%,-2.1633%,-0.7307%,0.0324%
2005-02-28,1.8988%,2.0538%,2.0344%,2.0419%,-1.4221%,4.0547%,-0.2615%,0.5982%,2.4832%,1.7637%,0.1952%,2.9751%,2.0343%,0.6871%,2.9280%,2.2450%,0.9885%,2.0126%,-0.1115%,0.0731%
2005-03-31,0.0599%,0.8419%,1.1648%,0.5369%,0.7591%,0.1808%,-0.5611%,-0.2250%,1.4975%,0.4690%,0.9470%,0.3035%,0.1231%,-0.2469%,0.9215%,1.0009%,0.6032%,0.0772%,-0.3947%,-0.2412%
2005-04-30,1.6665%,1.1287%,0.1663%,-0.3383%,2.0970%,0.5267%,1.0489%,2.4573%,-0.9821%,-0.0861%,2.6739%,-0.7044%,2.7524%,2.9516%,0.7495%,0.4442%,2.1924%,1.0936%,1.4322%,2.5364%
2005-05-31,-3.2544%,-0.1351%,-1.0060%,-2.5678%,0.3541%,-3.5016%,-4.3976%,-2.1415%,-1.4978%,-2.4238%,-0.7634%,-3.2999%,-3.8979%,-2.5655%,-0.5550%,-0.5249%,0.6745%,-3.8044%,-4.2339%,-2.5749%
2005-06-30,0.5624%,2.9757%,2.9776%,2.7635%,3.1712%,0.7042%,0.7471%,0.8978%,2.9365%,2.9451%,2.6657%,0.7140%,0.5299%,0.4432%,2.9326%,2.5024%,3.4919%,0.7767%,1.0242%,1.3360%
2005-07-31,0.7395%,-0.0676%,-1.2648%,-0.0473%,-0.3438%,0.4591%,2.2599%,1.3801%,-3.0940%,-0.0444%,-0.6605%,-0.7660%,1.3172%,1.6674%,0.1080%,-0.5816%,0.2706%,0.7307%,2.5277%,0.8933%
2005-08-31,1.0280%,0.9171%,0.8019%,1.3758%,0.0135%,1.4214%,0.6916%,0.6331%,0.9630%,1.2749%,0.1283%,1.6709%,0.5769%,0.8362%,1.2008%,1.5783%,-0.0278%,1.5109%,0.8066%,0.2824%
2005-09-30,1.7424%,2.1922%,2.2294%,1.1095%,2.4077%,1.0047%,1.3414%,1.1830%,1.8929%,1.0902%,2.3222%,1.5147%,1.7683%,1.9441%,2.1772%,1.8427%,2.5567%,1.3041%,1.3165%,1.6836%
2005-10-31,-2.2307%,-2.5666%,-2.4309%,-1.6337%,-1.5461%,-1.8907%,-0.7964%,-1.0059%,-1.7982%,-1.0715%,-1.2939%,-2.0389%,-3.1186%,-1.5346%,-3.3184%,-1.8968%,-2.4846%,-1.9232%,-0.8780%,-1.0895%
2005-11-30,-0.0811%,-1.0024%,-1.2021%,-1.0573%,-0.7397%,-0.2902%,-0.4186%,0.1722%,-1.1979%,-1.1201%,-1.1478%,-0.0958%,-0.1016%,-0.0458%,-0.9428%,-1.2031%,-0.8612%,-0.1394%,-0.4562%,-0.0579%
2005-12-31,0.2598%,-0.2388%,0.5246%,-0.2475%,-0.7931%,0.5878%,0.5101%,-0.7298%,0.6221%,-0.1977%,-0.6418%,0.7293%,0.5847%,-0.5346%,0.5802%,-0.4473%,-0.8493%,0.6893%,0.5434%,-0.7402%
2006-01-31,3.8193%,2.2061%,2.0349%,2.4718%,0.0421%,5.0354%,2.9277%,3.0426%,2.1991%,1.4896%,0.4555%,4.1953%,4.8108%,2.4517%,2.4925%,2.9639%,1.1619%,4.4618%,2.7784%,3.1313%
2006-02-28,-4.0563%,-3.9580%,0.1287%,-1.7589%,-4.6257%,-0.2523%,-2.0804%,-5.0068%,-2.3467%,-1.8383%,-1.6029%,-4.4343%,-4.0442%,-3.6904%,-4.8965%,-3.4414%,-3.5361%,-2.9557%,-1.9355%,-1.5954%
2006-03-31,-1.8676%,1.7149%,0.6558%,0.5145%,2.0034%,-1.7177%,-1.2508%,-0.3701%,0.7320%,0.3906%,1.7784%,-2.5950%,-1.4592%,-1.5486%,1.1701%,1.3918%,2.5827%,-2.1686%,-1.3070%,-0.7560%
2006-04-30,0.5273%,0.5483%,-0.8533%,0.4058%,0.2960%,0.5479%,-0.5895%,1.6972%,0.6799%,0.0394%,0.3232%,0.5270%,0.8846%,0.1703%,0.3439%,0.0308%,1.2703%,0.2551%,-0.7608%,1.1815%
2006-05-31,0.2879%,-3.1614%,-3.4479%,-3.8491%,-1.8458%,-0.6949%,2.1359%,0.9072%,-3.4056%,-4.3535%,-1.9348%,-0.8189%,1.0309%,0.6518%,-3.5516%,-3.1805%,-2.7521%,0.1605%,2.5711%,0.9600%
2006-06-30,-0.2205%,0.3263%,-1.0046%,0.6597%,0.4636%,-1.2179%,0.2314%,0.2503%,-0.6722%,0.5893%,0.5300%,-0.7632%,-0.3373%,0.4390%,-0.0756%,0.9488%,0.1057%,0.2510%,-0.1107%,0.4324%
2006-07-31,0.4463%,-2.7301%,-3.2945%,-3.1959%,-1.5833%,0.3592%,-0.2518%,2.0704%,-3.7413%,-2.9787%,-1.2278%,-0.0750%,-1.0248%,2.4385%,-2.7546%,-3.3490%,-2.0868%,1.3543%,0.2760%,2.0220%
2006-08-31,0.0366%,-1.5845%,-1.3679%,-1.3978%,-2.5926%,-0.0286%,-0.6002%,-1.2533%,-0.8474%,-1.3978%,-1.8305%,0.5390%,0.0151%,-0.4442%,-2.0684%,-1.0322%,-1.6528%,-0.9650%,-0.5945%,-0.5494%
2006-09-30,1.3223%,-0.3520%,0.0783%,-0.4151%,-0.1647%,1.2125%,1.8649%,0.9694%,0.3719%,-0.2030%,0.0091%,1.3615%,1.6066%,0.9987%,-0.3634%,-0.2359%,-0.4567%,1.0206%,1.8591%,0.9273%
2006-10-31,-0.8964%,1.1082%,0.5100%,1.3067%,1.4161%,-1.1780%,-1.0345%,-0.2719%,0.4273%,1.1376%,1.6643%,-1.4880%,-0.9504%,-0.2509%,0.4177%,1.4070%,1.4998%,-1.2653%,-1.1810%,-0.1831%
2006-11-30,2.4030%,1.2111%,0.6230%,-0.0553%,0.2434%,2.5739%,1.8464%,2.1943%,1.1969%,-0.1515%,0.3724%,2.9580%,2.1175%,2.1336%,1.9852%,0.6346%,1.0134%,2.9211%,1.8056%,1.9492%
2006-12-31,-3.4965%,1.3317%,0.0007%,1.4196%,2.0804%,-4.7401%,-2.9538%,-2.6604%,0.1222%,1.5033%,2.1519%,-4.6431%,-3.2332%,-2.6133%,0.1479%,1.7326%,2.1147%,-4.6716%,-3.0912%,-2.7049%
2007-01-31,-1.4654%,-0.2351%,-0.1347%,-0.1027%,0.3241%,-1.7062%,-1.4212%,-1.2474%,-0.0363%,-0.1439%,0.3622%,-1.4479%,-1.8990%,-1.0494%,-0.3664%,-0.4877%,0.1488%,-1.8289%,-1.2323%,-1.3137%
2007-02-28,0.8876%,-0.1565%,0.5904%,0.2884%,1.3663%,1.1928%,1.0397%,1.9688%,-0.0072%,0.2613%,1.4311%,0.1670%,0.8905%,1.6053%,-0.1702%,-1.0015%,0.7022%,0.2505%,0.8798%,1.1229%
2007-03-31,0.4035%,-0.4161%,-0.5817%,-0.7463%,0.1639%,0.0567%,0.2961%,0.8024%,-0.5793%,-0.9625%,0.1874%,0.0739%,0.2958%,0.8407%,-0.7151%,-0.5896%,0.0563%,0.1272%,0.4578%,0.8987%
2007-04-30,-0.2450%,0.1951%,-0.1782%,0.7963%,-0.0761%,-0.3064%,-0.3966%,-0.2043%,-0.4438%,1.0359%,-0.3364%,-0.1443%,-0.5538%,-0.0369%,0.1136%,0.5313%,-0.0596%,-0.0048%,0.0296%,-0.1780%
2007-05-31,-0.3279%,-1.3510%,-2.0611%,-1.0602%,-0.8628%,-0.8195%,-0.0065%,0.3787%,-1.8237%,-0.9277%,-1.1888%,-0.6115%,-0.3957%,0.0234%,-1.8640%,-1.5985%,-0.5905%,-1.0300%,-0.0225%,0.2435%
2007-06-30,1.6313%,-0.2987%,-0.4335%,-0.2089%,0.5959%,1.1740%,1.4371%,2.2035%,-0.5303%,-0.5482%,0.4827%,0.9064%,2.0682%,1.9193%,-0.4769%,-0.4590%,0.0399%,1.2582%,1.4629%,1.7750%
2007-07-31,3.4995%,-3.3613%,-1.6024%,-1.4448%,-3.4671%,2.8609%,1.9555%,0.9962%,-0.7534%,-1.2958%,-1.7341%,3.5202%,4.4387%,2.5395%,-2.0668%,-3.7695%,-4.2476%,3.0009%,1.6473%,0.8201%
2007-08-31,0.7304%,-0.8719%,-0.8451%,-1.0148%,-0.4685%,0.2593%,0.6303%,0.6360%,-0.3113%,-0.7628%,-0.6112%,0.5836%,1.3240%,0.2837%,-1.4592%,-0.4831%,-0.6735%,-0.0561%,0.4766%,0.7297%
2007-09-30,-0.0494%,-1.7503%,-4.5199%,-2.3014%,-1.5820%,-3.5362%,-0.9261%,-0.5982%,-2.0484%,-2.0571%,-0.7216%,-1.2118%,0.9488%,0.1150%,-1.9064%,-1.7541%,-1.5904%,-1.3744%,-0.9880%,-1.0584%
2007-10-31,4.4576%,0.7857%,0.9793%,1.0846%,-0.0972%,5.0589%,4.2999%,3.9824%,1.1472%,0.7802%,0.1091%,4.9030%,4.6049%,3.8650%,1.2795%,1.0573%,0.0202%,5.0829%,4.3055%,3.8236%
2007-11-30,-0.3971%,-1.2865%,-1.7378%,-0.8631%,-1.4662%,-0.4335%,-1.1056%,-0.1619%,-1.9902%,-1.1452%,-1.3611%,-0.2591%,-1.3022%,0.3700%,-1.9321%,-0.8134%,-1.1139%,-0.6658%,-0.7938%,0.1524%
2007-12-31,1.7772%,0.4156%,0.0982%,1.3674%,0.2809%,1.6073%,1.9571%,1.7901%,-0.3104%,1.0932%,0.3465%,1.4970%,1.6808%,2.1539%,-0.0083%,1.6421%,-0.3870%,2.3939%,0.9562%,2.0152%
2008-01-31,-5.7031%,-4.7446%,-2.1143%,-2.4224%,-2.0483%,-4.7412%,-4.2318%,-4.6752%,-0.9475%,-2.2162%,-1.9444%,-4.5476%,-7.0172%,-5.5445%,-4.8049%,-3.7832%,-5.6457%,-3.6353%,-3.7793%,-4.4760%
2008-02-29,-4.5040%,5.1518%,6.3459%,1.6963%,3.6286%,-0.3352%,-0.9363%,-3.0524%,3.8747%,1.6378%,3.1636%,-4.0375%,-4.7260%,-4.7486%,6.7538%,4.2762%,4.4253%,-2.0864%,-1.0534%,-4.4148%
2008-03-31,1.6789%,1.4546%,1.8172%,0.7835%,-0.2863%,2.3372%,0.8531%,0.2337%,0.4121%,0.6811%,0.6232%,1.3668%,2.0919%,1.5779%,1.8100%,1.4470%,1.1067%,1.4272%,0.6647%,0.7240%
2008-04-30,-2.0624%,2.8813%,2.5728%,3.3490%,4.9945%,-4.3151%,-2.8923%,-1.8933%,1.7415%,3.0975%,5.1183%,-3.9966%,-1.5709%,-0.6198%,1.7770%,2.3459%,4.5212%,-4.6151%,-2.6734%,-1.8710%
2008-05-31,2.7562%,5.6097%,5.4984%,5.9993%,4.7898%,0.9509%,0.5303%,0.2424%,5.3609%,5.6196%,3.8037%,3.4925%,2.8406%,1.9353%,5.2015%,5.0132%,6.6146%,-0.5090%,1.1120%,0.9042%
2008-06-30,8.7539%,8.4879%,3.7602%,2.6033%,7.4524%,3.5724%,3.9166%,7.2646%,4.7472%,2.7539%,5.7391%,8.6199%,8.0299%,9.6119%,7.5507%,9.3786%,8.5343%,4.7582%,3.4941%,5.7418%
2008-07-31,-9.3257%,-7.9042%,,-1.5648%,-0.3958%,-9.8083%,-6.6384%,,-2.5198%,-0.1526%,-3.7913%,-9.0592%,-8.5871%,-10.3308%,-7.3581%,-8.1831%,-8.1714%,-4.8713%,-6.0881%,-5.6845%
2008-08-31,1.9771%,-1.1050%,0.4868%,-1.0644%,-0.4340%,2.3577%,2.3486%,1.4369%,-0.2883%,-0.7018%,0.3026%,2.0949%,1.1507%,2.6858%,-1.5127%,-0.8574%,-0.9448%,1.1772%,2.4414%,1.7450%
2008-09-30,6.1600%,-2.3732%,0.7674%,-3.4298%,2.0106%,6.1119%,6.2858%,7.3551%,1.7423%,-4.4254%,0.9568%,6.3860%,6.4934%,5.6005%,-0.4199%,-3.2987%,-3.4011%,5.8276%,5.6680%,2.8463%
2008-10-31,3.8328%,5.3364%,6.1756%,4.2900%,5.1835%,4.7162%,4.6575%,3.7242%,6.7637%,4.4839%,5.1043%,4.2426%,4.6729%,2.5831%,5.3427%,5.1509%,5.5154%,4.1396%,4.7974%,4.3123%
2008-11-30,7.1296%,5.8071%,3.0579%,3.8457%,3.5930%,5.8232%,5.0006%,6.3582%,3.8463%,3.5680%,1.6700%,7.7104%,8.1444%,5.5341%,5.9624%,6.2192%,5.2397%,5.6080%,5.5796%,4.8853%
2008-12-31,-2.3006%,-1.8553%,-1.0067%,-2.1034%,-0.2715%,-2.4352%,-2.0143%,-1.7000%,-0.9900%,-1.8821%,-0.7472%,-1.9472%,-3.2504%,-1.7044%,-2.5593%,-1.7859%,-1.2206%,-1.6297%,-1.7882%,-0.2909%
2009-01-31,0.4617%,8.0247%,7.6747%,11.5775%,8.0940%,2.9112%,2.5992%,3.3304%,5.1111%,11.3798%,7.3135%,0.8602%,-2.5377%,3.0626%,5.5645%,9.8712%,8.6383%,2.1556%,2.9922%,5.2294%
2009-02-28,6.5266%,5.6835%,3.6540%,2.0080%,1.8285%,5.6387%,5.4874%,3.8132%,1.3453%,2.0641%,3.4708%,6.0489%,5.3566%,8.1744%,6.1537%,5.4712%,5.4256%,4.3085%,3.4385%,3.5805%
2009-03-31,-5.0522%,-4.4345%,-1.8094%,-1.7686%,-4.6961%,-1.7803%,-3.9562%,-4.6669%,-2.7227%,-1.8718%,-0.4733%,-6.2177%,-4.9708%,-3.9683%,-5.0567%,-4.9107%,-3.3361%,-3.0600%,-3.3189%,-1.3393%
2009-04-30,16.8952%,-9.3752%,1.7782%,-5.4470%,-5.0271%,21.0515%,14.0344%,14.2462%,-0.7196%,-4.6007%,-6.6039%,21.9592%,12.6515%,16.0749%,-8.6221%,-6.8616%,-12.6418%,17.1293%,11.4368%,13.1096%
2009-05-31,5.6714%,-5.7715%,-2.1856%,-3.8605%,-4.9468%,5.5701%,3.2900%,2.8089%,-3.6053%,-3.1240%,-3.7680%,6.1598%,4.8574%,5.9971%,-6.3966%,-4.9830%,-5.9349%,3.7964%,3.4304%,4.2581%
2009-06-30,-3.2658%,2.7742%,1.8647%,0.5133%,-0.2536%,-2.0495%,-1.5034%,-4.1679%,2.1014%,0.5875%,2.1372%,-3.6591%,-2.5149%,-3.6234%,3.2953%,2.6052%,2.4222%,-2.2478%,-1.8152%,-3.1209%
2009-07-31,-3.0936%,-1.8874%,-0.9817%,0.2124%,-1.6009%,-2.7191%,-1.3492%,-3.3383%,-2.0217%,-0.0755%,-1.7221%,-3.4139%,-2.7526%,-3.1143%,-1.1643%,-1.8035%,-2.6944%,-2.9741%,-1.9261%,-4.5042%
2009-08-31,5.2321%,-3.9622%,-1.0002%,-1.3916%,0.6730%,4.7887%,3.8387%,6.4618%,-1.7614%,-0.8579%,-1.4898%,5.3398%,4.7451%,5.6115%,-2.4804%,-4.5544%,-4.8519%,4.1254%,2.6801%,1.7539%
2009-09-30,1.1023%,-2.1654%,-3.2611%,-2.5166%,,-1.4462%,-0.4879%,,-1.9305%,-2.2425%,-1.5972%,1.2646%,0.4446%,1.5978%,-3.4882%,-1.5039%,-1.5041%,-1.3933%,-1.0817%,0.5909%
2009-10-31,-4.4811%,5.1810%,4.4535%,3.2899%,4.8036%,-3.2206%,-2.7571%,-2.8705%,4.9371%,4.3556%,3.0721%,-3.6181%,-4.3420%,-5.4832%,4.4222%,5.5051%,5.6158%,-3.1335%,-2.1878%,-1.9399%
2009-11-30,0.3014%,-0.1607%,-0.2565%,-0.3145%,0.0542%,0.0794%,0.8393%,0.3901%,-0.1124%,-0.3437%,0.1030%,0.0071%,0.6746%,0.2225%,-0.1787%,-0.6010%,0.2975%,0.1207%,0.4107%,0.5969%
2009-12-31,-0.5091%,2.4805%,3.3875%,1.7294%,2.4809%,0.5310%,-0.5223%,-0.3756%,2.7972%,1.7978%,2.1769%,-0.0072%,-0.8927%,-0.6275%,2.9834%,2.0841%,2.3741%,0.4423%,-0.6630%,-0.1670%
2010-01-31,-1.4293%,-0.9333%,-0.2847%,-0.7071%,-0.0114%,-1.9822%,-0.2937%,-1.7089%,-0.5813%,-0.6791%,-0.2056%,-1.3530%,-1.9579%,-0.9772%,-0.3548%,-1.7379%,-0.7071%,-1.4061%,-0.0441%,-1.7584%
2010-02-28,-0.8702%,1.3874%,0.5829%,2.1298%,1.5442%,-1.4382%,-0.6507%,-0.4768%,0.5829%,2.1196%,1.6835%,-1.5541%,-0.6030%,-0.4535%,0.5829%,2.0411%,1.5382%,-1.3988%,-0.8268%,-0.4435%
2010-03-31,3.2159%,3.1345%,2.6603%,3.0424%,-1.1699%,5.6017%,1.2451%,1.7715%,1.8741%,2.6519%,1.2394%,3.6354%,3.0115%,3.0007%,3.4207%,3.9350%,2.0479%,2.7408%,0.6441%,1.3680%
2010-04-30,2.9333%,2.3693%,0.6723%,1.5833%,0.0800%,3.1788%,2.2044%,2.5864%,1.1632%,1.2962%,0.6205%,3.3739%,2.5948%,2.8312%,2.4596%,1.7045%,2.9440%,1.3084%,1.8573%,1.7928%
2010-05-31,-1.6381%,-1.6383%,-2.0487%,-1.5327%,0.0712%,-2.0641%,-1.9460%,0.0558%,-1.7631%,-1.7181%,0.1973%,-2.4843%,-1.9062%,-0.5239%,-2.0608%,-1.9260%,-0.9280%,-1.1623%,-1.8341%,-0.0295%
2010-06-30,3.4316%,-2.7250%,-0.4423%,-2.6791%,-3.0873%,3.4854%,3.7828%,0.8404%,0.1858%,-2.8502%,-1.0069%,3.7130%,4.0615%,2.5202%,-1.0464%,-3.4176%,-3.7110%,3.4981%,3.7533%,0.8335%
2010-07-31,-2.9495%,2.8539%,1.0688%,1.6827%,2.4500%,-2.7967%,-1.8222%,-1.4155%,1.1675%,1.1960%,2.5571%,-3.5356%,-3.1670%,-2.1460%,2.1103%,3.0653%,3.3863%,-2.5197%,-1.9077%,-1.2437%
2010-08-31,-3.3530%,-1.8799%,-2.0689%,-0.9486%,-0.3728%,-4.3108%,-2.0412%,-2.6146%,-2.1132%,-1.0889%,-0.5274%,-4.2444%,-3.1560%,-2.6586%,-3.2529%,-2.1576%,-0.2293%,-4.9434%,-2.1200%,-1.9199%
2010-09-30,-2.0295%,2.1190%,1.5409%,1.8024%,4.9374%,-4.1319%,-3.2103%,-0.7354%,0.6845%,1.7624%,5.4420%,-4.3636%,-2.1186%,0.3938%,1.1043%,0.6312%,4.6215%,-3.8703%,-3.3959%,-0.3531%
2010-10-31,2.1109%,0.6447%,0.2269%,-0.5046%,0.0601%,1.8318%,2.5685%,1.6650%,-0.0883%,-0.6466%,-1.0465%,2.3949%,2.5012%,1.4367%,0.9947%,0.7449%,0.1945%,2.0482%,2.3877%,1.2480%
2010-11-30,2.0816%,1.9055%,2.6440%,1.9527%,0.6042%,3.1042%,1.4682%,1.0644%,2.8044%,1.8040%,0.8784%,3.2645%,1.6419%,1.3386%,2.5683%,2.4045%,0.7438%,3.0284%,1.3953%,1.2039%
2010-12-31,0.4120%,3.5404%,3.4067%,4.6318%,3.9194%,-1.4254%,-0.6319%,-0.9127%,2.8999%,4.4985%,2.6696%,-0.1376%,1.7416%,-0.3679%,3.7258%,3.7827%,3.1127%,-1.0474%,-0.5673%,-1.6604%
2011-01-31,0.9154%,-0.2456%,-1.1678%,-0.3418%,-0.2868%,0.9642%,0.4323%,1.8451%,-0.8588%,-0.6053%,-0.0238%,0.5693%,0.7726%,1.4042%,-0.4357%,-0.2414%,-0.0597%,1.0661%,0.3550%,1.4421%
2011-02-28,0.0466%,0.7710%,1.3736%,0.3079%,0.7070%,0.2363%,0.1613%,-0.4303%,1.2809%,0.3299%,0.8101%,0.2363%,0.1381%,-0.2346%,1.3873%,0.0963%,0.8294%,0.2363%,0.3773%,-0.3216%
2011-03-31,0.3105%,0.7223%,0.2391%,0.6038%,0.6849%,0.4479%,-0.7202%,0.8936%,0.8373%,0.5507%,1.2230%,0.3418%,-0.1378%,0.7275%,0.6236%,-0.0310%,1.5744%,0.2041%,-0.7368%,1.1549%
2011-04-30,0.8607%,0.8477%,0.1176%,0.2845%,1.1788%,0.2024%,0.1728%,1.2636%,0.2598%,0.2267%,1.1686%,0.4096%,0.8542%,1.3184%,0.5479%,1.6431%,0.3521%,0.5677%,0.1341%,0.3719%
2011-05-31,1.8349%,0.8596%,0.0104%,-0.4113%,0.5294%,1.4156%,1.7398%,1.9346%,-0.1532%,-0.3851%,0.7130%,1.4855%,1.6676%,2.3517%,0.5978%,0.7917%,1.1894%,1.7668%,1.5024%,2.3584%
2011-06-30,1.0220%,0.2271%,0.4324%,0.2326%,0.0687%,1.3595%,0.5747%,0.9958%,0.3781%,0.3019%,0.1348%,1.2400%,0.8293%,0.9967%,0.5296%,0.0422%,0.1094%,1.4555%,0.4051%,1.0352%
2011-07-31,1.4480%,0.4820%,1.2782%,-0.8317%,1.3104%,0.7788%,3.8657%,0.8109%,1.5568%,-0.5347%,1.5396%,0.9151%,2.5310%,0.8979%,0.6856%,-0.6505%,1.4108%,0.1279%,2.7044%,0.8531%
2011-08-31,2.0620%,-3.0631%,-3.1650%,-3.5970%,-3.8084%,2.7099%,3.0254%,2.0666%,-3.0431%,-4.0121%,-3.2421%,1.3537%,3.6776%,1.1547%,-2.8791%,-3.5121%,-2.7980%,2.6570%,3.5275%,2.7382%
2011-09-30,7.4016%,-5.5209%,-0.8158%,-0.1095%,-5.4943%,8.1310%,5.1093%,3.4526%,-2.7381%,-0.0925%,-4.5904%,8.7879%,6.4815%,6.9355%,-3.9346%,-5.4971%,-7.1310%,7.9094%,4.0325%,4.7131%
2011-10-31,-7.2958%,4.1514%,0.0363%,-0.7797%,1.4267%,-8.0974%,-5.2431%,-6.7070%,1.0898%,-1.1486%,3.4112%,-9.2590%,-5.6909%,-6.9376%,2.8695%,4.6619%,4.9227%,-7.7596%,-4.5233%,-5.7064%
2011-11-30,-2.8934%,-0.7786%,0.4319%,1.7501%,-0.5880%,-2.1389%,-3.3653%,-3.1588%,0.5344%,1.7129%,-0.0582%,-2.5703%,-2.9469%,-3.1629%,-0.8497%,-1.1349%,-0.3513%,-3.0620%,-2.8962%,-2.5636%
2011-12-31,1.4821%,0.8827%,1.1924%,0.9748%,0.6871%,1.3694%,2.3231%,0.8642%,1.1368%,0.8230%,0.8582%,1.4806%,1.7637%,1.2020%,1.3736%,0.5358%,0.7388%,1.6000%,1.9452%,0.9652%
2012-01-31,-5.5868%,-4.0736%,-3.2923%,-2.3515%,-3.9608%,-4.6799%,-5.3193%,-5.3485%,-3.4100%,-1.8914%,-4.5880%,-4.8133%,-5.9558%,-5.9913%,-3.4286%,-3.8572%,-4.9351%,-4.4947%,-5.0321%,-6.0012%
2012-02-29,1.7651%,-0.3756%,0.3328%,-0.4347%,1.1936%,1.5535%,2.1752%,2.4143%,0.8693%,-0.3536%,1.0232%,1.4403%,2.2606%,1.5943%,-0.8786%,-0.7320%,0.4837%,0.5951%,1.8317%,1.9575%
2012-03-31,0.2710%,0.1626%,0.3203%,0.2349%,0.1034%,0.4057%,0.2196%,0.1888%,0.7872%,0.4877%,0.3884%,0.1940%,0.8238%,-0.2048%,-0.1799%,0.7226%,-0.0548%,-0.0046%,0.5160%,0.1204%
2012-04-30,0.3254%,1.8673%,2.0145%,2.0328%,1.4026%,0.8177%,-0.5794%,0.2058%,2.2386%,1.6649%,1.8858%,1.0611%,-0.7932%,0.7083%,1.8923%,2.1946%,1.5150%,0.5387%,-0.5358%,0.1614%
2012-05-31,4.2880%,2.6044%,0.7324%,1.3725%,-1.8848%,6.4063%,3.5485%,3.7891%,0.7739%,0.8316%,0.4518%,4.9880%,3.2099%,4.6659%,2.4099%,2.3479%,3.0553%,3.1727%,3.2478%,3.8182%
2012-06-30,0.2270%,-0.6303%,-0.9960%,-0.9691%,-0.3353%,0.0716%,0.8137%,0.7324%,-0.7346%,-1.0851%,-0.7373%,0.1090%,0.4658%,0.1063%,-0.8543%,-0.9013%,-0.1353%,0.1564%,0.6716%,0.8754%
2012-07-31,-0.4784%,1.7902%,0.6988%,2.6541%,1.9594%,-1.2060%,-0.1433%,0.0545%,0.8229%,2.5022%,2.0453%,-1.2730%,-0.1117%,-0.0506%,1.0325%,2.5103%,1.8277%,-0.8600%,-0.0074%,-0.0648%
2012-08-31,-2.1820%,-0.7816%,0.6825%,0.2925%,-0.0783%,-2.3044%,-1.3519%,-3.0651%,0.0227%,-0.0314%,-0.7083%,-1.6711%,-2.4728%,-2.4021%,-0.3573%,-0.6118%,-1.3758%,-1.8893%,-1.6127%,-2.9078%
2012-09-30,0.3154%,-0.1792%,-0.1198%,-0.9740%,-0.1640%,0.4200%,0.2615%,0.3758%,0.0290%,-0.8140%,-0.5989%,0.6938%,0.1865%,0.0659%,0.0258%,-0.1403%,-0.4231%,0.9152%,0.3083%,0.4663%
2012-10-31,2.8661%,0.8504%,0.6122%,-0.4846%,0.5203%,2.1148%,3.5242%,2.0229%,-0.7823%,-0.5374%,0.5943%,1.2199%,4.7818%,2.5965%,1.0884%,1.1026%,0.3603%,2.6648%,3.2125%,1.9367%
2012-11-30,-1.2358%,0.7617%,0.4890%,-0.4699%,1.5724%,-1.5694%,-1.3135%,-0.4860%,0.2579%,-0.5433%,1.4351%,-1.7518%,-1.3810%,-0.5746%,0.7042%,0.0323%,1.5486%,-1.5982%,-0.9715%,-0.7538%
2012-12-31,-0.8807%,-1.0695%,-1.7550%,-0.5936%,-0.8125%,-0.4588%,-2.0538%,0.4837%,-0.8511%,-0.9052%,-0.6280%,-0.3156%,-2.2340%,-0.0925%,-1.8921%,-0.9085%,-0.4079%,-0.9092%,-2.1090%,0.5749%
2013-01-31,2.7627%,-1.1425%,-1.3858%,-1.0274%,-0.1833%,2.1299%,2.6051%,3.3324%,-1.1610%,-0.9645%,0.1768%,2.2406%,2.4692%,3.5784%,-1.5488%,-1.6176%,-0.2611%,1.8325%,2.5846%,3.1202%
2013-02-28,0.6303%,1.4625%,1.5281%,1.4175%,1.5236%,0.5223%,1.2468%,0.5177%,1.4322%,1.4820%,1.6788%,0.1953%,1.2537%,0.4419%,1.3062%,1.7896%,1.2918%,0.5360%,0.7892%,0.5216%
2013-03-31,1.0231%,0.3401%,0.4806%,-0.1133%,-0.6853%,1.5727%,1.2438%,0.4068%,-0.2960%,-0.2257%,-0.3300%,0.8585%,1.3862%,0.8245%,0.7224%,0.3727%,-0.0748%,1.1523%,1.1676%,0.3551%
2013-04-30,0.1633%,1.0597%,0.8807%,0.7104%,1.4997%,-0.4393%,0.3273%,0.1796%,0.8742%,0.5808%,1.3437%,-0.3252%,0.6710%,0.1443%,0.8828%,0.8159%,1.4802%,-0.3780%,0.2300%,0.2194%
2013-05-31,-1.4118%,-1.6599%,-0.5915%,-1.3390%,-2.2441%,-0.2222%,-0.6151%,-1.8749%,-1.4352%,-1.2823%,-1.6462%,-1.3140%,-1.3964%,-1.5250%,-1.1630%,-1.5659%,-2.2509%,-0.7056%,-0.9967%,-1.7935%
2013-06-30,-0.6863%,0.1372%,-0.0864%,0.9144%,0.1387%,-0.8222%,-0.7083%,-0.5971%,-0.1645%,0.9300%,0.1224%,-0.6825%,-0.9807%,-0.3956%,-0.3932%,0.4781%,0.3266%,-1.1888%,-0.6445%,-0.4690%
2013-07-31,-0.9305%,1.0852%,1.6150%,0.0169%,1.8928%,-1.6120%,-0.3243%,-1.3342%,1.3657%,0.4312%,2.3549%,-1.9204%,0.0602%,-0.9312%,1.0150%,0.1669%,2.0737%,-1.9327%,-0.4839%,-0.8739%
2013-08-31,1.3796%,-0.8757%,-0.3092%,-2.1731%,-0.8110%,1.6886%,1.5531%,1.1868%,-0.7319%,-2.2437%,-0.6031%,1.0241%,1.9620%,1.1528%,-0.0388%,-1.8291%,-0.7590%,2.1452%,1.7111%,1.4250%
2013-09-30,1.2586%,-0.3368%,-0.1933%,0.2795%,1.5283%,0.8965%,1.3621%,2.6181%,-0.0730%,-0.2235%,0.5574%,1.3525%,0.4403%,1.9829%,-0.3334%,-0.9399%,0.2627%,0.9510%,1.4811%,1.5471%
2013-10-31,-1.0603%,-0.5374%,-0.9364%,-0.4760%,-0.3348%,-1.1118%,-1.7353%,-0.5102%,-0.8872%,-0.7113%,-0.2300%,-0.9707%,-1.8967%,-0.3135%,-0.8917%,-0.4314%,-0.2892%,-1.1482%,-1.8013%,-0.5457%
2013-11-30,-0.1232%,0.0681%,0.2475%,0.0555%,-0.0764%,0.2138%,-0.3600%,-0.1100%,-0.0727%,0.2231%,0.0186%,-0.0940%,-0.2728%,-0.0027%,-0.0544%,0.4460%,-0.1874%,-0.0563%,-0.7833%,-0.1893%
2013-12-31,-0.1116%,0.1942%,0.3395%,-0.0584%,0.3584%,0.0112%,-0.4775%,0.0301%,0.3365%,0.0883%,0.3255%,-0.1186%,-0.0865%,-0.1296%,0.3252%,0.0657%,0.1918%,0.0985%,-0.3430%,-0.0348%
2014-01-31,1.8625%,0.7069%,1.0838%,0.1141%,0.8878%,2.1564%,1.2745%,1.9605%,1.1297%,0.0489%,1.1360%,2.2023%,1.1765%,2.2087%,0.9735%,0.1652%,0.9820%,2.0462%,1.2478%,2.0546%
2014-02-28,1.3912%,0.3438%,0.9635%,-1.3829%,0.0197%,1.8273%,0.9753%,0.8835%,1.1344%,-1.2962%,0.1984%,1.9647%,1.1802%,1.0287%,0.7019%,0.2816%,0.0480%,1.9032%,0.8969%,1.2494%
2014-03-31,-5.0916%,-3.1776%,-0.9436%,-1.5086%,-1.9746%,-4.4748%,-3.7888%,-5.5058%,-1.8383%,-1.4583%,-1.9718%,-5.6265%,-3.8882%,-5.7600%,-2.2876%,-3.8994%,-3.3459%,-3.9074%,-3.6001%,-4.9658%
2014-04-30,3.5817%,-3.7195%,-2.8801%,-1.8115%,-2.3419%,2.1949%,1.5358%,2.7332%,-3.4907%,-1.8360%,-1.6275%,2.7544%,3.3731%,4.6175%,-3.6133%,-3.0948%,-4.4504%,2.8491%,1.6077%,2.0121%
2014-05-31,-0.6663%,1.2438%,0.5110%,1.5512%,1.7029%,-0.6872%,0.1767%,0.5047%,0.3251%,1.4026%,1.7146%,-1.2235%,-0.9414%,0.1660%,1.4188%,1.0393%,1.2734%,0.0624%,0.0749%,-0.0830%
2014-06-30,0.2000%,1.4438%,2.6746%,1.5685%,,,-1.7761%,-1.4754%,2.2049%,1.1892%,1.8309%,0.4713%,0.0314%,0.0973%,1.7013%,1.3860%,1.2441%,-0.0644%,-1.2582%,-0.5216%
2014-07-31,-1.9942%,-0.4053%,-0.2457%,0.5216%,0.1163%,-2.0447%,-2.2199%,-1.6827%,0.0948%,0.4855%,-0.1286%,-1.8697%,-2.0198%,-2.0931%,-0.4563%,-0.1119%,-0.6476%,-1.8293%,-2.2159%,-2.0207%
2014-08-31,0.0963%,1.3249%,1.2373%,1.5947%,1.2773%,0.4288%,-0.1992%,0.4687%,1.1032%,1.4191%,1.3384%,0.1487%,-0.2436%,0.3839%,1.1779%,1.7096%,1.0872%,0.5333%,-0.1579%,0.4426%
2014-09-30,-0.1955%,-0.7557%,-1.2969%,-1.2168%,-0.8232%,0.5279%,-0.1808%,1.0016%,-1.3918%,-1.4145%,0.1705%,-1.1686%,0.1884%,0.3937%,-1.2792%,-0.0247%,-0.9632%,0.2254%,-1.0014%,0.5414%
2014-10-31,1.7121%,-0.0909%,-0.3063%,0.5192%,-0.4245%,2.2011%,0.9326%,2.0829%,-0.1603%,0.5112%,-0.2161%,2.0611%,1.0700%,2.0052%,-0.4540%,0.4382%,-0.2569%,1.9526%,0.9476%,2.1496%
2014-11-30,2.2800%,0.2126%,0.3914%,1.2950%,0.1607%,2.3868%,2.3757%,2.1561%,0.4152%,0.9953%,0.2091%,2.1000%,2.8461%,1.8938%,0.3060%,0.0440%,0.2879%,2.2791%,2.1822%,2.2610%
2014-12-31,-0.4779%,-0.8800%,-0.7283%,-1.0556%,-0.7232%,-0.6784%,-0.1365%,-0.6733%,-0.7796%,-1.2115%,-0.5386%,-0.7366%,-0.2014%,-0.4956%,-0.7826%,-1.1188%,-0.7387%,-0.8199%,-0.2105%,-0.7760%
2015-01-31,-2.8725%,-0.0243%,0.1953%,-0.3171%,-1.7235%,-1.9397%,-3.1409%,-3.8585%,-0.6363%,-0.6000%,-1.6749%,-2.2245%,-3.1300%,-3.2631%,0.4704%,0.9153%,-1.4586%,-1.9308%,-2.9022%,-3.8598%
2015-02-28,-0.0541%,-0.5368%,-1.1387%,-0.3186%,-0.2379%,-0.7024%,-0.0497%,0.1983%,-0.7603%,-0.1553%,-0.0015%,-0.5664%,0.2117%,0.1923%,-1.0522%,-0.7610%,0.2028%,-0.8598%,-0.0612%,0.3951%
2015-03-31,0.3262%,-1.5528%,-1.6219%,-1.5479%,-1.2515%,-0.0275%,-0.1997%,0.3429%,-1.4484%,-1.7229%,-1.5252%,0.4051%,0.2452%,0.3282%,-1.6050%,-2.0014%,-1.0520%,-0.1876%,-0.2323%,0.3653%
2015-04-30,-2.7415%,0.2353%,-0.4557%,-2.0654%,1.5294%,-2.7079%,-3.9420%,-0.7227%,-0.8641%,-1.9045%,-0.8386%,-2.3931%,-3.4637%,-2.3676%,0.2423%,-0.6083%,1.0718%,-2.9874%,-4.2935%,-2.1579%
2015-05-31,-2.2064%,1.9100%,0.6156%,0.7728%,2.4838%,-2.9060%,-1.3734%,-1.0378%,0.8389%,0.9922%,2.3755%,-2.9960%,-2.1638%,-1.4593%,1.7452%,1.8401%,2.1448%,-2.1954%,-1.2870%,-1.7957%
2015-06-30,1.2412%,0.5349%,0.2885%,-0.6718%,0.3634%,0.9946%,1.2247%,1.0694%,0.1776%,-0.4762%,0.2875%,1.2195%,1.1745%,1.3294%,0.3630%,0.6685%,0.5733%,1.1556%,1.2589%,1.3659%
2015-07-31,2.7508%,3.9210%,1.6887%,3.7182%,4.5423%,0.6480%,2.4391%,3.5016%,2.0001%,3.5595%,4.2448%,1.3265%,3.3549%,3.5712%,2.5050%,3.6994%,5.5586%,0.1808%,2.2394%,3.2344%
2015-08-31,-0.6486%,-0.4517%,-0.7097%,-0.1338%,0.1397%,-0.8398%,-0.5860%,0.0096%,-0.3909%,0.1766%,0.3406%,-0.9756%,-0.7261%,-0.2441%,-0.4245%,-0.4700%,-0.4605%,-0.4442%,-0.4392%,-0.4802%
2015-09-30,-0.2637%,2.8168%,2.0790%,2.7937%,2.8706%,-0.4833%,1.1990%,0.3083%,2.3266%,2.3030%,2.6488%,-0.4229%,-0.2674%,-0.1008%,1.5232%,3.6643%,3.2630%,-1.0112%,1.0866%,0.7287%
2015-10-31,0.4515%,-0.8431%,-1.8939%,-0.2226%,-1.2407%,0.7587%,0.4537%,1.4119%,-1.6392%,-0.4680%,-1.4923%,0.8857%,-0.5638%,1.0327%,-1.2468%,-0.4917%,-0.7909%,0.5129%,0.9384%,0.9687%
2015-11-30,-0.3881%,0.4035%,-0.0811%,0.3087%,0.9070%,-0.6171%,-0.8602%,0.3710%,0.2834%,0.4098%,0.8703%,-0.6171%,-0.5168%,-0.0302%,-0.0169%,0.0636%,1.1639%,-0.6171%,-0.7508%,0.5637%
2015-12-31,0.3617%,0.7734%,0.3727%,1.2584%,-0.3879%,1.4342%,-0.8344%,0.6736%,0.7484%,1.7199%,-0.7537%,1.5618%,-0.5366%,0.0598%,0.9029%,0.3914%,1.0258%,0.5652%,-0.7847%,0.6880%
2016-01-31,3.1094%,-3.2380%,-4.0804%,-4.4520%,-4.9612%,4.0501%,6.6003%,3.1693%,-4.8258%,-4.3518%,-5.3611%,2.8945%,4.0746%,2.3592%,-3.1053%,-3.2379%,-3.3709%,3.2449%,5.3337%,2.9792%
2016-02-29,1.5015%,-2.2024%,-2.5023%,-1.3733%,-2.0002%,0.4179%,1.4456%,0.9200%,-2.3506%,-0.5610%,-2.1538%,1.3450%,1.6177%,1.5418%,-2.3762%,-2.3152%,-1.9159%,0.2415%,1.4163%,0.7018%
2016-03-31,0.9551%,-2.5009%,-1.9473%,-3.1557%,-2.6042%,0.3221%,0.4293%,-0.3348%,-2.0210%,-2.6434%,-2.1263%,1.0012%,0.9683%,0.8959%,-2.4885%,-2.1205%,-2.8937%,0.1894%,0.4806%,-0.2158%
2016-04-30,5.2106%,-5.3456%,-4.8330%,-3.1800%,-3.2967%,1.7624%,2.9475%,3.2987%,-1.3607%,-2.1573%,-3.6989%,6.2539%,5.4622%,3.9157%,-4.7452%,-5.3547%,-5.9370%,2.9768%,2.1042%,1.7850%
2016-05-31,-2.0341%,2.3417%,0.6764%,2.0772%,4.5994%,-1.9554%,-1.3534%,1.9675%,1.0553%,1.7306%,0.7280%,-1.5679%,-2.6393%,-1.8952%,1.4068%,2.3944%,3.2240%,-1.5403%,-1.3252%,0.2768%
2016-06-30,-0.3258%,-0.2024%,,0.8845%,-1.8183%,1.4713%,-1.0827%,,0.9856%,1.2468%,0.7347%,0.5138%,-1.7543%,0.2630%,1.6341%,-0.2933%,-1.9479%,1.2234%,-0.3974%,-2.3585%
2016-07-31,-2.8253%,-0.4026%,2.3050%,0.4592%,-3.1418%,-0.6243%,-2.1323%,-6.0712%,1.8857%,0.7340%,-3.2248%,-0.5124%,-2.3406%,-5.6228%,1.5136%,0.3664%,-3.0877%,-0.8097%,-2.2772%,-5.4110%
2016-08-31,0.4446%,-1.4480%,-3.1010%,-0.7981%,-0.9040%,-1.3283%,0.2810%,0.8687%,-2.1213%,-0.4968%,-1.0890%,-0.1455%,0.5925%,0.8867%,-2.3068%,-1.1070%,-0.9300%,-0.2311%,0.0612%,1.1457%
2016-09-30,-0.0599%,-1.3511%,-0.8107%,-1.6029%,-2.0271%,0.2098%,-0.5299%,-1.0067%,-1.3355%,-1.6559%,-1.2828%,-0.0931%,-0.0460%,-0.0405%,0.1714%,-2.0409%,-2.1837%,0.6070%,-0.3938%,-1.7481%
2016-10-31,-2.2029%,0.7504%,0.9060%,-0.0431%,0.3143%,-1.7049%,-2.4503%,-2.2966%,0.8226%,-0.1344%,0.5119%,-1.9253%,-2.4474%,-2.2360%,1.0987%,0.4334%,0.7192%,-1.8165%,-1.8618%,-2.1960%
2016-11-30,3.2768%,2.7181%,0.7925%,2.3018%,1.2833%,4.0873%,0.9084%,4.5782%,1.2650%,1.8180%,1.6049%,2.7107%,4.0692%,3.0505%,1.4285%,4.4021%,2.3238%,2.9725%,1.3569%,3.8678%
2016-12-31,0.8901%,0.9410%,1.8394%,0.7557%,-0.0090%,1.5508%,1.3910%,-0.2975%,1.6504%,0.8260%,0.2126%,1.3234%,1.4612%,-0.1143%,1.8241%,0.5760%,0.4230%,1.2621%,1.0962%,-0.1390%
2017-01-31,-2.3101%,-2.0637%,-2.0987%,-1.1493%,-2.0550%,-1.2408%,-2.4499%,-1.1971%,-1.4515%,-1.3906%,-0.8854%,-2.4264%,-2.6434%,-1.8604%,-2.4181%,-1.5612%,-2.2119%,-2.0173%,-2.5626%,-1.8111%
2017-02-28,0.7006%,-2.2341%,-2.7228%,-1.6192%,-2.3351%,0.3083%,0.5749%,0.6960%,-2.9494%,-1.6429%,-2.2282%,0.3083%,0.7641%,1.0295%,-2.5971%,-1.7598%,-2.3454%,0.3083%,0.7258%,0.5600%
2017-03-31,1.1555%,-1.0825%,-0.3206%,-1.0365%,-0.8036%,1.1654%,0.8931%,0.6824%,-0.6446%,-1.0461%,-0.2516%,0.8729%,1.3278%,1.2659%,-0.3092%,-1.5417%,-1.3967%,0.9875%,0.9921%,-0.1001%
2017-04-30,2.8006%,-1.4444%,-1.4145%,-1.3990%,-1.1125%,2.5435%,3.1250%,2.8456%,-1.3533%,-1.4490%,-1.1155%,2.5037%,3.1568%,2.7415%,-1.7617%,-1.4876%,-1.0838%,1.9897%,3.1976%,2.6676%
2017-05-31,4.2250%,0.5243%,0.0269%,-0.1210%,0.8245%,3.8464%,4.1500%,4.6440%,0.1548%,0.1122%,1.2136%,3.8768%,3.8626%,4.9356%,0.4555%,0.1652%,0.9521%,3.8820%,3.8210%,4.3786%
2017-06-30,-3.1775%,2.8057%,2.3559%,0.5454%,2.6115%,-1.4616%,-2.3144%,-1.2060%,2.5587%,0.4222%,1.0567%,-2.5597%,-2.9110%,-4.0618%,3.0685%,1.7095%,3.6389%,-2.6308%,-2.1952%,-2.0604%
2017-07-31,-0.4122%,-0.2660%,0.6244%,-0.3764%,-0.3921%,0.0566%,-0.4973%,-0.9600%,0.1135%,-0.3514%,-0.1338%,-0.3236%,-0.3422%,-0.5709%,-0.1162%,-0.2413%,-0.4405%,0.0345%,-0.3271%,-0.2898%
2017-08-31,1.4538%,-2.2030%,-1.2114%,-3.2635%,-1.3452%,1.4373%,1.0228%,1.3034%,-1.5132%,-3.2373%,-1.8237%,1.4492%,1.7734%,1.1387%,-1.8618%,-3.4504%,-1.2967%,0.6090%,1.1316%,1.1741%
2017-09-30,-3.7566%,2.1509%,0.6384%,1.3393%,1.0342%,-4.0837%,-2.6026%,-3.6878%,0.5294%,1.1962%,1.3664%,-4.3511%,-3.4045%,-3.5141%,1.6863%,2.6653%,2.1009%,-3.8313%,-2.4117%,-3.4167%
2017-10-31,-3.9112%,-0.8358%,0.1705%,-0.1544%,-0.3778%,-4.0224%,-3.1254%,-4.5707%,0.0802%,-0.3618%,-0.4094%,-4.0394%,-3.1650%,-4.5290%,0.0194%,-2.0053%,-0.5215%,-3.7760%,-2.9088%,-4.3168%
2017-11-30,-0.2709%,0.0732%,0.1747%,-0.0572%,0.2954%,-0.4245%,-0.1519%,-0.3038%,-0.1438%,-0.0400%,0.0408%,-0.3942%,-0.2088%,-0.2096%,0.0575%,-0.1328%,0.2949%,-0.5077%,-0.0567%,-0.2703%
2017-12-31,0.4597%,-1.5074%,-1.1428%,-1.7493%,-1.6038%,0.9168%,0.4885%,0.4559%,-0.6268%,-1.7338%,-1.7672%,1.1020%,0.3155%,-0.0384%,-1.0702%,-1.9450%,-1.5069%,0.9003%,0.3223%,0.4636%
2018-01-31,-2.8254%,3.6375%,2.5351%,3.5591%,1.6216%,-1.6644%,-1.0637%,-2.5780%,2.1882%,3.3896%,3.2244%,-4.2503%,-1.0119%,-3.2141%,3.0671%,3.6316%,4.2138%,-1.3968%,-1.2235%,-0.2501%
2018-02-28,3.6448%,3.3895%,2.1184%,2.0482%,2.0999%,2.4977%,2.5829%,2.4793%,2.0125%,1.4121%,2.1929%,4.1655%,2.4232%,4.3459%,2.5876%,3.3413%,4.2396%,1.2866%,2.0724%,2.9386%
2018-03-31,-1.0668%,-1.4610%,-1.6253%,-1.0589%,-4.1976%,2.7381%,-0.9106%,0.1658%,-0.7329%,-0.5349%,-0.5940%,-1.0650%,-1.2095%,-0.9260%,-1.6719%,-0.4931%,-2.2179%,-0.1697%,-0.4982%,-0.7157%
2018-04-30,1.3487%,-0.1841%,-0.3167%,0.5630%,-0.2412%,0.8151%,1.9120%,0.8907%,-0.1502%,0.4418%,0.2800%,0.7393%,2.1373%,1.1696%,-0.2690%,0.1970%,-0.4804%,0.9512%,2.0896%,0.7398%
2018-05-31,1.1915%,3.8871%,2.9036%,4.6489%,4.1645%,0.3766%,2.2215%,1.6375%,2.5944%,5.0808%,3.8737%,0.2343%,1.8265%,1.5137%,3.0191%,4.3457%,4.2965%,0.2551%,2.7498%,1.5325%
2018-06-30,0.1710%,-0.5615%,-0.4258%,-0.2681%,-0.8972%,0.1797%,1.4138%,-0.2918%,-1.5078%,-0.3232%,-1.8564%,0.1238%,0.6139%,-0.2248%,-0.2676%,-0.7246%,-0.6922%,0.0927%,1.4150%,-0.3318%
2018-07-31,-1.1823%,-0.3502%,-1.2035%,-0.1321%,0.2184%,-1.9272%,-0.7845%,-0.5054%,-1.3542%,0.1453%,-0.0960%,-2.1956%,-0.4137%,-0.9375%,-1.1816%,-0.1500%,0.2812%,-1.9344%,-1.1953%,-0.4716%
2018-08-31,-1.8499%,5.2257%,4.9441%,5.4710%,4.7096%,-1.6563%,-0.9870%,-1.8907%,5.0451%,5.1917%,4.3313%,-1.4484%,-1.9389%,-2.1622%,5.0992%,5.7840%,4.7938%,-1.3430%,-1.0767%,-1.6483%
2018-09-30,0.2483%,0.1809%,-0.9081%,0.3238%,-0.2112%,0.3854%,0.3384%,1.0823%,-0.5305%,0.0504%,-0.1657%,-0.0133%,0.4067%,0.3515%,0.1512%,0.0495%,0.3420%,0.2049%,0.0102%,0.3957%
2018-10-31,2.8724%,-4.2876%,-2.9710%,-4.6776%,-5.2100%,3.9933%,3.0250%,1.7543%,-2.8456%,-4.9673%,-4.9920%,3.7753%,3.2128%,1.6290%,-2.9450%,-4.6649%,-5.2530%,4.0363%,2.8618%,1.7284%
2018-11-30,1.5286%,-1.2069%,0.5937%,-0.2207%,0.2991%,2.4950%,0.4113%,2.2004%,-0.2715%,-0.2720%,-1.0360%,1.6744%,2.0014%,0.9099%,-0.5276%,-1.1051%,-1.9880%,2.1264%,0.4513%,0.6660%
2018-12-31,0.7412%,0.2259%,0.7507%,1.5198%,-0.4560%,1.5554%,0.3024%,0.3488%,0.6002%,1.5366%,-0.5561%,1.0530%,1.2738%,-0.1033%,0.9420%,0.7508%,-1.0151%,2.1082%,0.1496%,0.1511%
2019-01-31,-5.2671%,2.3160%,1.3979%,3.4727%,3.6933%,-6.7365%,-5.6813%,-4.4412%,1.1860%,3.4975%,3.4105%,-6.6990%,-4.6277%,-4.4745%,1.3144%,2.8113%,2.8223%,-6.0999%,-5.5973%,-4.5920%
2019-02-28,-0.3087%,0.4210%,-0.6404%,0.2495%,1.6606%,-1.8385%,0.3459%,0.4625%,-1.2150%,0.2252%,1.4062%,-1.8884%,0.2297%,0.7327%,-0.1973%,-0.2224%,1.6827%,-1.7184%,0.2715%,0.1616%
2019-03-31,0.8236%,2.4782%,2.8784%,2.0991%,2.0994%,1.5704%,-0.5443%,0.7914%,2.4758%,2.1104%,2.0617%,1.4506%,-0.0162%,1.0365%,3.5503%,2.0021%,1.8821%,2.0179%,-0.4379%,0.3497%
2019-04-30,0.2574%,-0.5206%,-0.6120%,-0.2378%,-1.5477%,1.0077%,1.8575%,0.0720%,-1.5459%,-1.0045%,-2.0019%,0.0749%,1.0785%,-0.3812%,-0.8989%,0.5577%,-1.2205%,-0.3024%,1.7822%,-0.6240%
2019-05-31,-1.1951%,2.5432%,2.7518%,1.8511%,2.7211%,-0.7934%,-1.4049%,-0.8241%,2.3483%,2.1144%,2.7833%,-0.7103%,-2.5997%,-0.2753%,2.7829%,1.9444%,2.9023%,-0.8130%,-1.3367%,-0.6936%
2019-06-30,-1.8689%,-0.4043%,0.3673%,0.4777%,0.0210%,-1.6321%,-2.2486%,-1.9784%,0.3052%,0.5114%,-0.4626%,-1.9226%,-0.9937%,-2.6904%,0.2109%,-0.0686%,-1.3552%,-1.1181%,-2.1063%,-2.6842%
2019-07-31,0.1870%,1.2396%,1.2129%,1.3319%,1.2205%,0.3296%,0.1727%,0.3372%,1.0471%,1.2286%,1.2516%,0.1379%,0.0807%,0.3424%,1.0729%,1.2678%,1.3781%,0.0679%,0.1093%,0.3731%
2019-08-31,1.8742%,2.6689%,3.6880%,1.7328%,0.8770%,2.6918%,0.6099%,-0.1192%,3.1307%,1.5746%,1.3277%,2.6516%,2.1223%,0.8486%,3.1814%,3.0761%,1.7492%,1.9015%,0.6354%,0.4693%
2019-09-30,-2.0551%,2.7033%,2.6496%,3.0288%,3.9400%,-3.3927%,-2.7266%,-2.1023%,2.3752%,2.8329%,4.2195%,-2.8878%,-2.2340%,-1.0435%,1.9579%,2.6390%,3.5129%,-3.1795%,-2.6779%,-1.6246%
2019-10-31,-0.4655%,0.3634%,1.3102%,-0.2711%,0.1201%,-0.0423%,-0.3008%,-1.2325%,1.4818%,-0.0302%,-0.0046%,0.1006%,-0.1111%,-1.3859%,1.0774%,-0.1558%,0.1685%,-0.0497%,-0.2304%,-0.9586%
2019-11-30,1.8099%,1.1477%,0.7018%,-0.0179%,1.0005%,1.3556%,1.3877%,1.6542%,0.5410%,0.0003%,1.4956%,1.6141%,1.2467%,2.5687%,0.8513%,1.3566%,1.2352%,1.5170%,1.2841%,1.9010%
2019-12-31,0.7966%,-0.6082%,-0.9568%,-0.5172%,-0.9489%,0.9705%,0.9859%,0.9784%,-1.3292%,-0.4302%,-0.6334%,0.4957%,0.7025%,1.1915%,-0.5500%,-0.5733%,-0.7013%,0.9194%,1.0348%,0.7680%
2020-01-31,-2.2023%,4.2607%,2.3643%,6.2113%,4.4781%,-2.8269%,-2.4173%,-0.7130%,1.9145%,6.2125%,4.6826%,-3.6548%,-2.0655%,-0.8867%,2.3769%,6.0396%,4.3656%,-2.5632%,-2.4932%,-0.5744%
2020-02-29,2.9058%,1.0283%,-0.4080%,-1.0312%,0.9036%,1.7775%,3.5047%,3.0891%,0.0970%,-1.1172%,-0.0858%,2.9206%,3.0589%,2.7378%,1.1918%,0.6772%,1.2158%,2.7385%,3.5058%,2.7625%
2020-03-31,8.9848%,11.2241%,11.7397%,8.6415%,8.5921%,7.9470%,6.6329%,4.7994%,11.4547%,7.6510%,8.7158%,11.3894%,6.9147%,8.6504%,12.8686%,11.0987%,9.7051%,8.5745%,6.5911%,5.4109%
2020-04-30,-1.4637%,-6.1879%,-5.2574%,-4.0179%,-8.7692%,1.0392%,2.0915%,-2.4726%,-5.6608%,-3.7682%,-10.0563%,0.4326%,-0.8608%,-3.9629%,-5.7279%,-4.2137%,-8.6220%,0.4504%,2.2508%,-2.4437%
2020-05-31,3.4342%,-2.2051%,-1.7662%,0.1045%,-1.2745%,2.2915%,2.9103%,2.7832%,-1.2553%,0.4330%,-0.7231%,3.0989%,3.5727%,3.6311%,-2.1651%,-2.2701%,-2.1801%,3.0161%,2.7408%,3.0010%
2020-06-30,5.7291%,-1.4076%,-0.3202%,-0.7073%,-0.7241%,5.0807%,6.7684%,4.6769%,1.4345%,-0.8575%,-0.5663%,6.2193%,6.7495%,4.2185%,-1.7354%,-1.7556%,-0.7318%,3.9275%,7.0113%,4.9311%
2020-07-31,3.7683%,-1.0310%,0.1155%,-1.7451%,1.0216%,3.7595%,3.3214%,4.6655%,0.2848%,-1.9126%,0.5738%,4.4040%,2.2078%,4.6930%,-0.8180%,-2.7854%,0.5106%,2.8660%,3.1897%,4.1947%
2020-08-31,5.1653%,4.2432%,1.5860%,0.9885%,4.0123%,2.9716%,4.2582%,5.3978%,0.7859%,0.6169%,4.2848%,3.7383%,4.5204%,7.2373%,5.0338%,3.1770%,4.5189%,4.0835%,3.6457%,3.5686%
2020-09-30,-2.2386%,-1.7848%,-0.6951%,-0.8067%,-1.0185%,-1.6051%,-1.8423%,-1.9285%,-0.5113%,-0.4843%,-0.7236%,-1.9631%,-2.5776%,-2.1753%,-1.3829%,-2.4069%,-1.5645%,-1.1614%,-1.6971%,-1.3429%
2020-10-31,1.1391%,-2.9752%,-1.4551%,-4.1271%,-3.0771%,1.1787%,0.3767%,-0.4432%,-1.4038%,-4.3074%,-2.1607%,1.8306%,0.5127%,1.0738%,-2.3119%,-3.5893%,-3.0246%,0.6438%,0.3287%,-0.0689%
2020-11-30,8.4404%,-6.4589%,-5.1586%,0.2128%,-5.4817%,6.7311%,5.1877%,6.4080%,-3.5203%,0.2047%,-5.1819%,8.4327%,10.1176%,6.7710%,-6.6276%,-5.2873%,-7.4618%,8.2356%,5.4245%,7.4013%
2020-12-31,3.5615%,-0.2835%,1.6865%,0.4203%,0.7913%,4.3657%,4.0190%,3.4705%,1.7256%,0.5579%,0.8093%,3.6668%,4.2670%,2.7506%,0.0828%,-0.6193%,-0.3140%,3.3667%,3.6153%,2.9699%
2021-01-31,4.8453%,2.1126%,4.5858%,1.5485%,0.4236%,7.8382%,3.4019%,3.6759%,4.9574%,1.3692%,0.4212%,7.7529%,3.5664%,3.2167%,4.0950%,1.6959%,0.5470%,7.0920%,4.2390%,3.5440%
2021-02-28,2.8592%,-7.3743%,-8.5681%,-9.9790%,-5.8783%,2.4859%,5.1758%,5.1756%,-7.9545%,-10.3197%,-6.1594%,2.7827%,1.2171%,4.5778%,-8.1982%,-8.3905%,-5.5342%,2.7915%,5.3516%,5.4556%
2021-03-31,3.0861%,-7.3398%,-5.3265%,-9.0314%,-7.9465%,0.9077%,-0.5447%,-1.7123%,-3.6022%,-10.0280%,-6.9603%,5.5047%,1.6068%,2.1466%,-6.0156%,-7.3409%,-8.6631%,-0.1632%,-0.4063%,-2.8107%
2021-04-30,0.2459%,0.7994%,-0.9002%,2.6858%,1.1536%,-1.1785%,1.8477%,0.8753%,1.2680%,2.4936%,-0.0669%,1.2849%,-0.4972%,-0.0501%,1.4075%,1.1379%,-0.1472%,2.4669%,1.2982%,0.9122%
2021-05-31,-3.5601%,-4.1884%,-2.8395%,-3.5378%,-4.3554%,-2.3663%,-2.1558%,-3.8822%,-3.1206%,-2.8642%,-4.2947%,-2.6529%,-4.2005%,-3.8270%,-3.7345%,-4.4931%,-4.3375%,-2.4826%,-2.2595%,-3.0856%
2021-06-30,-8.7412%,3.1230%,0.3993%,1.4561%,1.9574%,-8.5671%,-9.9305%,-7.0090%,-0.5589%,1.8506%,1.2231%,-8.6221%,-10.7614%,-6.8401%,1.8376%,5.2686%,2.2629%,-7.3629%,-9.9460%,-6.9375%
2021-07-31,0.9802%,-6.5415%,-7.5427%,-7.2668%,-4.4847%,-1.0500%,4.1329%,2.0081%,-7.9172%,-6.9597%,-4.3057%,-1.4370%,2.2031%,2.1746%,-7.9099%,-7.1172%,-4.5976%,-1.3311%,4.0573%,1.9811%
2021-08-31,1.1198%,-0.6800%,-1.0376%,1.5843%,2.1204%,0.1676%,1.2350%,3.3256%,-0.7984%,-0.1674%,1.0490%,-0.0677%,1.6473%,1.7798%,-1.2558%,-0.8385%,0.0543%,0.3033%,1.6962%,1.6134%
2021-09-30,-3.3014%,3.6959%,3.1970%,3.3058%,0.3885%,-1.3999%,-1.6360%,-4.2085%,3.1781%,3.4398%,0.9145%,-2.4711%,-2.6983%,-4.7348%,4.3826%,4.6712%,2.0339%,-0.6443%,-1.5353%,-2.9930%
2021-10-31,-3.3711%,-4.6557%,-6.1234%,-3.4065%,-5.8989%,1.0243%,-1.4852%,1.2487%,-1.0235%,-3.6825%,-5.0416%,-0.9043%,-4.2868%,-4.9223%,-4.5071%,-4.1656%,-5.2945%,-0.1176%,-0.6547%,-0.9051%
2021-11-30,6.0983%,-5.7975%,-1.9560%,-3.8164%,-5.9087%,6.0540%,3.8781%,2.1014%,-2.5517%,-3.0618%,-3.8794%,6.2816%,7.0593%,4.9539%,-3.0293%,-8.7367%,-5.6264%,4.2316%,2.7884%,1.6345%
2021-12-31,0.9214%,5.1715%,3.9077%,7.4284%,8.8429%,0.9283%,4.4145%,5.8635%,2.8209%,6.2553%,6.0700%,0.0399%,-0.5647%,3.2890%,3.3422%,6.3155%,5.8567%,1.9223%,3.5832%,4.4369%
2022-01-31,11.2552%,6.8001%,1.3681%,6.9852%,3.7930%,9.4160%,10.4022%,11.8409%,0.1800%,6.4040%,4.2265%,9.3094%,11.1002%,13.3559%,4.8271%,10.1310%,5.4423%,9.2445%,10.8962%,9.8598%
2022-02-28,1.8532%,-0.2898%,1.0288%,-2.6035%,-2.9738%,4.0438%,3.5264%,0.0411%,-0.7316%,-2.2230%,-2.9371%,2.7023%,2.3607%,0.4967%,1.5446%,-1.5239%,-0.8903%,4.3235%,3.3862%,1.8886%
2022-03-31,-1.2933%,1.2968%,2.0063%,-0.3567%,1.6545%,-0.0547%,-0.1662%,-0.4066%,1.5712%,-0.4879%,-0.1282%,0.1858%,-2.5521%,-1.5137%,2.3115%,0.7117%,0.8671%,-0.9947%,-0.4523%,-2.4391%
2022-04-30,-2.5665%,-4.1116%,-2.6078%,-7.6091%,-2.8528%,0.3879%,-6.0969%,0.1429%,-0.3108%,-7.3712%,-1.5303%,-2.2869%,-1.9061%,-3.5065%,-1.8797%,-6.6275%,-3.8276%,2.2380%,-4.6791%,0.2902%
2022-05-31,5.1631%,-1.6557%,1.1046%,0.2140%,-1.8432%,6.2345%,5.0865%,3.2867%,0.8626%,-0.5666%,-1.0498%,6.0797%,5.2424%,4.1673%,-1.1057%,-2.3147%,-1.5467%,4.6751%,4.9022%,4.2341%
2022-06-30,0.0412%,-0.1077%,0.1032%,-1.2417%,0.3205%,-0.6804%,1.4295%,-0.4631%,-0.6159%,-1.3064%,3.1653%,-2.7089%,1.7604%,1.0722%,0.1048%,-2.0404%,1.6124%,-2.5738%,1.3342%,-1.0662%
2022-07-31,-4.0118%,1.5609%,2.4276%,2.6116%,0.9497%,-3.3466%,-4.6149%,-4.8245%,2.7435%,2.1211%,1.4453%,-3.3182%,-4.1007%,-4.6165%,1.8915%,2.6927%,0.0986%,-2.5353%,-5.9173%,-4.3282%
2022-08-31,-2.1887%,-0.7963%,-0.6192%,-2.2776%,-1.1283%,-1.8162%,-3.1418%,-2.3252%,-1.0871%,-3.4280%,-0.4211%,-2.1024%,-3.0274%,-1.4364%,-0.8686%,-0.0098%,-1.5106%,-2.0840%,-3.1900%,-2.7260%
2022-09-30,0.2177%,0.2940%,1.1050%,0.0889%,-0.6324%,0.8088%,0.4964%,-0.9286%,1.2863%,0.4260%,-0.6324%,1.0345%,0.5028%,-0.8843%,1.0078%,0.5067%,-0.6324%,0.7934%,0.5838%,-0.8468%
2022-10-31,2.3565%,4.0185%,4.4960%,6.0716%,0.7104%,3.6937%,2.4489%,-0.0918%,5.8923%,6.3887%,-1.2630%,5.7261%,2.7725%,-1.4291%,5.7661%,5.7292%,0.5601%,3.8655%,3.4140%,-1.3405%
2022-11-30,2.3676%,3.9717%,4.5585%,1.9191%,7.1895%,-2.5465%,0.9381%,0.0845%,3.5289%,2.1454%,4.2570%,1.5603%,3.2541%,2.2884%,3.3598%,4.4628%,4.0923%,0.6040%,0.8972%,1.3365%
2022-12-31,2.7911%,5.5003%,5.5827%,6.2640%,4.5748%,0.6291%,-0.5698%,-0.3789%,4.8231%,6.2106%,3.0313%,4.0311%,2.1029%,2.2393%,6.2016%,4.7481%,5.5511%,0.2115%,-1.0347%,-0.4390%
2023-01-31,-10.5642%,-8.7803%,-6.1936%,-0.5214%,-10.6807%,-0.8329%,-8.9018%,-5.3200%,-4.0859%,-0.0136%,-3.4654%,-11.6555%,-9.0021%,-11.0350%,-8.2677%,-7.1359%,-10.9371%,-5.4790%,-6.2999%,-8.1484%
2023-02-28,1.8580%,-1.7692%,-1.7639%,-0.4443%,-1.9383%,0.7932%,1.1072%,0.6187%,-0.8731%,-0.6101%,-1.9373%,2.2677%,2.1028%,1.2034%,-2.6149%,-1.6107%,-1.0821%,0.4888%,1.2595%,2.0216%
2023-03-31,6.7877%,-3.1308%,0.0873%,2.0309%,-0.4120%,8.5866%,3.3914%,8.0873%,-0.9680%,1.9883%,-2.2696%,8.1725%,5.3199%,6.8708%,-1.5448%,-4.5942%,-3.2534%,7.4648%,4.6190%,5.7562%
2023-04-30,0.4729%,3.6751%,3.1682%,5.0817%,4.2914%,1.0630%,2.4051%,2.1861%,3.1791%,5.7263%,3.8246%,0.1764%,0.4202%,0.8220%,3.1530%,2.5443%,5.3281%,1.0564%,2.5337%,3.2315%
2023-05-31,-5.9632%,-9.4696%,-6.7380%,-10.5202%,-7.9631%,-3.9048%,-1.7361%,-5.1299%,-9.2361%,-9.3187%,-7.4809%,-7.8439%,-3.9571%,-6.0887%,-6.3423%,-12.8287%,-9.2377%,-2.1392%,-0.5581%,-5.0346%
2023-06-30,1.4043%,-0.9369%,0.6298%,-0.6015%,0.1731%,1.8845%,2.0921%,1.4279%,-0.1506%,-0.8866%,1.3617%,0.4936%,1.7133%,2.0059%,-1.4975%,-1.1863%,-0.1267%,-0.4019%,1.3622%,0.9689%
2023-07-31,1.4177%,0.0917%,-0.6649%,-0.1412%,1.1086%,0.1282%,1.8088%,1.9016%,-0.2147%,-0.1257%,1.2333%,0.1592%,2.4868%,1.6072%,-0.7940%,0.1725%,0.8967%,0.0800%,1.8928%,1.7708%
2023-08-31,-3.3668%,-2.5683%,-1.5079%,-2.3089%,-1.8934%,-2.6128%,-3.1987%,-2.9982%,-1.9853%,-2.1826%,-1.6367%,-3.2487%,-3.9516%,-2.9001%,-2.2876%,-2.3437%,-3.0737%,-2.1273%,-3.4243%,-2.9134%
2023-09-30,-0.4029%,0.7544%,1.5437%,0.7666%,-0.7484%,0.5500%,0.4513%,-1.7421%,2.3060%,0.7666%,-0.5161%,0.8841%,-0.1548%,-1.9380%,1.7592%,0.6287%,-0.1248%,0.2854%,0.4513%,-1.5986%
2023-10-31,1.7165%,-0.8483%,1.6969%,0.4050%,-3.7938%,4.8447%,-0.0153%,-0.6460%,1.4440%,0.9733%,-5.0540%,5.6349%,0.3777%,-0.8631%,1.4671%,-0.2363%,-3.7758%,4.9338%,-0.3176%,-0.3091%
2023-11-30,-1.5757%,-0.7454%,0.3572%,-0.2238%,-1.0713%,-1.2378%,-1.3207%,-2.6664%,-0.3734%,1.3370%,-1.0954%,-1.4206%,-1.1637%,-2.1426%,-0.1578%,-1.1857%,-0.8929%,-1.2254%,-1.2221%,-1.9604%
2023-12-31,3.1856%,-0.3435%,-2.4619%,-2.3718%,0.2098%,2.6905%,2.4588%,5.3623%,-1.5564%,-3.3077%,0.0416%,2.7904%,2.3781%,4.3884%,-2.0226%,1.0020%,-0.0098%,2.5492%,2.3953%,4.5620%
2024-01-31,-4.3814%,0.2799%,-1.1366%,-0.1515%,1.1853%,-5.1836%,-5.3745%,-2.8617%,-0.6580%,-0.0772%,1.2451%,-4.9893%,-5.0689%,-3.0861%,-0.7708%,0.3817%,1.2290%,-5.1382%,-4.4865%,-3.1385%
2024-02-29,3.4635%,5.0217%,4.6720%,5.5693%,2.7981%,3.1606%,2.6245%,1.2867%,5.3171%,5.2573%,2.7104%,4.3896%,4.2180%,1.7829%,4.9791%,5.5449%,4.5409%,1.4973%,1.9462%,1.0590%
2024-03-31,-1.5460%,-2.0082%,0.6166%,-2.0686%,-1.5498%,-0.8490%,-0.0567%,-3.0153%,-2.0153%,-1.8334%,-2.5475%,-2.2372%,0.3688%,-2.7695%,-0.8074%,-2.9429%,-2.2742%,0.3016%,0.0696%,-1.1652%
2024-04-30,-0.1435%,0.3510%,-1.1888%,1.2843%,0.9810%,-1.3670%,0.1799%,0.8028%,-0.3270%,1.2678%,0.7789%,-0.8104%,0.0844%,0.2955%,-0.4739%,-0.2216%,1.7485%,-0.8813%,0.1757%,1.3411%
2024-05-31,-0.1448%,2.3718%,1.0245%,1.8691%,3.9550%,-0.8635%,-2.2368%,2.0669%,1.0144%,2.4229%,4.4010%,-1.2292%,-1.3627%,2.1574%,1.6514%,1.5126%,3.9515%,-0.6989%,-2.2923%,1.6012%
2024-06-30,6.0947%,5.0767%,2.6459%,7.3558%,2.5109%,4.9922%,6.8022%,4.8572%,2.1622%,4.7867%,1.9100%,5.7603%,7.0157%,5.5081%,3.4298%,6.9504%,4.8499%,3.1402%,6.6185%,4.5604%
2024-07-31,-8.5296%,-0.6649%,0.0986%,-1.0234%,-0.4325%,-7.9385%,-9.2892%,-8.4696%,0.0861%,-1.3907%,-0.5016%,-7.9509%,-9.0994%,-8.5386%,-0.0122%,-1.5501%,-0.4324%,-8.0493%,-8.8077%,-8.4694%
2024-08-31,-0.2838%,0.9444%,0.9690%,0.4275%,2.2478%,-0.2313%,0.4957%,1.0475%,0.7728%,0.6754%,2.0739%,-1.0605%,-0.0316%,0.2406%,0.7305%,-0.0868%,2.1895%,-1.0371%,0.0837%,0.4219%
2024-09-30,-0.7846%,0.8501%,0.9551%,0.2796%,1.1021%,-1.0130%,-0.5486%,-0.8660%,0.8155%,0.2030%,1.1067%,-1.1322%,-0.3805%,-0.8410%,1.0473%,0.4314%,1.0717%,-0.9873%,-0.5481%,-0.9630%
2024-10-31,0.2626%,2.0874%,2.2809%,1.8809%,1.9268%,0.1486%,-0.4961%,-0.2055%,2.9224%,1.6692%,1.4910%,1.0258%,0.1677%,-0.4056%,2.3996%,2.5774%,1.2853%,0.5349%,-0.4199%,-0.5794%
2024-11-30,2.7566%,2.3929%,2.3757%,1.2507%,0.1235%,3.6116%,1.4725%,1.3595%,2.6634%,1.3674%,0.5135%,3.6706%,3.0785%,1.5208%,3.6222%,2.0594%,1.4972%,3.1909%,1.7785%,1.0659%
2024-12-31,-1.7649%,3.6144%,3.8673%,5.2256%,1.4974%,0.8560%,-4.8601%,-1.5139%,3.1033%,5.2474%,2.4916%,0.1590%,-5.0011%,-0.4527%,4.2766%,4.2313%,2.3354%,0.0710%,-4.7028%,-1.8701%
